dataset,tbx_sample_id,external_sample_id,dhash_distance,review_status,exclusion_applied
shenzhen,tbx11k:extra/mc+shenzhen/train/CHNCXR_0004_0.png,shenzhen:CHNCXR_0004_0,0,pending_review,no
shenzhen,tbx11k:extra/mc+shenzhen/train/CHNCXR_0010_0.png,shenzhen:CHNCXR_0010_0,1,pending_review,no
shenzhen,tbx11k:extra/mc+shenzhen/train/CHNCXR_0011_0.png,shenzhen:CHNCXR_0011_0,0,pending_review,no
shenzhen,tbx11k:extra/mc+shenzhen/train/CHNCXR_0019_0.png,shenzhen:CHNCXR_0019_0,0,pending_review,no
shenzhen,tbx11k:extra/mc+shenzhen/train/CHNCXR_0020_0.png,shenzhen:CHNCXR_0020_0,1,pending_review,no
shenzhen,tbx11k:extra/mc+shenzhen/train/CHNCXR_0025_0.png,shenzhen:CHNCXR_0025_0,0,pending_review,no
shenzhen,tbx11k:extra/mc+shenzhen/train/CHNCXR_0026_0.png,shenzhen:CHNCXR_0026_0,1,pending_review,no
shenzhen,tbx11k:extra/mc+shenzhen/train/CHNCXR_0033_0.png,shenzhen:CHNCXR_0033_0,1,pending_review,no
shenzhen,tbx11k:extra/mc+shenzhen/train/CHNCXR_0034_0.png,shenzhen:CHNCXR_0034_0,4,pending_review,no
shenzhen,tbx11k:extra/mc+shenzhen/train/CHNCXR_0038_0.png,shenzhen:CHNCXR_0038_0,2,pending_review,no
shenzhen,tbx11k:extra/mc+shenzhen/train/CHNCXR_0041_0.png,shenzhen:CHNCXR_0041_0,2,pending_review,no
shenzhen,tbx11k:extra/mc+shenzhen/train/CHNCXR_0043_0.png,shenzhen:CHNCXR_0043_0,1,pending_review,no
shenzhen,tbx11k:extra/mc+shenzhen/train/CHNCXR_0052_0.png,shenzhen:CHNCXR_0052_0,0,pending_review,no
shenzhen,tbx11k:extra/mc+shenzhen/train/CHNCXR_0053_0.png,shenzhen:CHNCXR_0053_0,0,pending_review,no
shenzhen,tbx11k:extra/mc+shenzhen/train/CHNCXR_0055_0.png,shenzhen:CHNCXR_0055_0,0,pending_review,no
shenzhen,tbx11k:extra/mc+shenzhen/train/CHNCXR_0057_0.png,shenzhen:CHNCXR_0057_0,0,pending_review,no
shenzhen,tbx11k:extra/mc+shenzhen/train/CHNCXR_0059_0.png,shenzhen:CHNCXR_0059_0,2,pending_review,no
shenzhen,tbx11k:extra/mc+shenzhen/train/CHNCXR_0060_0.png,shenzhen:CHNCXR_0060_0,0,pending_review,no
shenzhen,tbx11k:extra/mc+shenzhen/train/CHNCXR_0062_0.png,shenzhen:CHNCXR_0062_0,1,pending_review,no
shenzhen,tbx11k:extra/mc+shenzhen/train/CHNCXR_0064_0.png,shenzhen:CHNCXR_0064_0,0,pending_review,no
shenzhen,tbx11k:extra/mc+shenzhen/train/CHNCXR_0068_0.png,shenzhen:CHNCXR_0068_0,0,pending_review,no
shenzhen,tbx11k:extra/mc+shenzhen/train/CHNCXR_0075_0.png,shenzhen:CHNCXR_0075_0,2,pending_review,no
shenzhen,tbx11k:extra/mc+shenzhen/train/CHNCXR_0085_0.png,shenzhen:CHNCXR_0085_0,1,pending_review,no
shenzhen,tbx11k:extra/mc+shenzhen/train/CHNCXR_0089_0.png,shenzhen:CHNCXR_0089_0,1,pending_review,no
shenzhen,tbx11k:extra/mc+shenzhen/train/CHNCXR_0095_0.png,shenzhen:CHNCXR_0095_0,0,pending_review,no
shenzhen,tbx11k:extra/mc+shenzhen/train/CHNCXR_0099_0.png,shenzhen:CHNCXR_0099_0,0,pending_review,no
shenzhen,tbx11k:extra/mc+shenzhen/train/CHNCXR_0110_0.png,shenzhen:CHNCXR_0110_0,1,pending_review,no
shenzhen,tbx11k:extra/mc+shenzhen/train/CHNCXR_0113_0.png,shenzhen:CHNCXR_0113_0,3,pending_review,no
shenzhen,tbx11k:extra/mc+shenzhen/train/CHNCXR_0127_0.png,shenzhen:CHNCXR_0127_0,4,pending_review,no
shenzhen,tbx11k:extra/mc+shenzhen/train/CHNCXR_0128_0.png,shenzhen:CHNCXR_0128_0,2,pending_review,no
shenzhen,tbx11k:extra/mc+shenzhen/train/CHNCXR_0132_0.png,shenzhen:CHNCXR_0132_0,1,pending_review,no
shenzhen,tbx11k:extra/mc+shenzhen/train/CHNCXR_0135_0.png,shenzhen:CHNCXR_0135_0,1,pending_review,no
shenzhen,tbx11k:extra/mc+shenzhen/train/CHNCXR_0137_0.png,shenzhen:CHNCXR_0137_0,1,pending_review,no
shenzhen,tbx11k:extra/mc+shenzhen/train/CHNCXR_0138_0.png,shenzhen:CHNCXR_0138_0,1,pending_review,no
shenzhen,tbx11k:extra/mc+shenzhen/train/CHNCXR_0144_0.png,shenzhen:CHNCXR_0144_0,0,pending_review,no
shenzhen,tbx11k:extra/mc+shenzhen/train/CHNCXR_0150_0.png,shenzhen:CHNCXR_0150_0,0,pending_review,no
shenzhen,tbx11k:extra/mc+shenzhen/train/CHNCXR_0158_0.png,shenzhen:CHNCXR_0158_0,1,pending_review,no
shenzhen,tbx11k:extra/mc+shenzhen/train/CHNCXR_0159_0.png,shenzhen:CHNCXR_0159_0,4,pending_review,no
shenzhen,tbx11k:extra/mc+shenzhen/train/CHNCXR_0166_0.png,shenzhen:CHNCXR_0166_0,0,pending_review,no
shenzhen,tbx11k:extra/mc+shenzhen/train/CHNCXR_0173_0.png,shenzhen:CHNCXR_0173_0,0,pending_review,no
shenzhen,tbx11k:extra/mc+shenzhen/train/CHNCXR_0182_0.png,shenzhen:CHNCXR_0182_0,0,pending_review,no
shenzhen,tbx11k:extra/mc+shenzhen/train/CHNCXR_0183_0.png,shenzhen:CHNCXR_0183_0,0,pending_review,no
shenzhen,tbx11k:extra/mc+shenzhen/train/CHNCXR_0184_0.png,shenzhen:CHNCXR_0184_0,0,pending_review,no
shenzhen,tbx11k:extra/mc+shenzhen/train/CHNCXR_0191_0.png,shenzhen:CHNCXR_0191_0,0,pending_review,no
shenzhen,tbx11k:extra/mc+shenzhen/train/CHNCXR_0197_0.png,shenzhen:CHNCXR_0197_0,2,pending_review,no
shenzhen,tbx11k:extra/mc+shenzhen/train/CHNCXR_0206_0.png,shenzhen:CHNCXR_0206_0,0,pending_review,no
shenzhen,tbx11k:extra/mc+shenzhen/train/CHNCXR_0207_0.png,shenzhen:CHNCXR_0207_0,1,pending_review,no
shenzhen,tbx11k:extra/mc+shenzhen/train/CHNCXR_0209_0.png,shenzhen:CHNCXR_0209_0,0,pending_review,no
shenzhen,tbx11k:extra/mc+shenzhen/train/CHNCXR_0217_0.png,shenzhen:CHNCXR_0217_0,1,pending_review,no
shenzhen,tbx11k:extra/mc+shenzhen/train/CHNCXR_0221_0.png,shenzhen:CHNCXR_0221_0,3,pending_review,no
shenzhen,tbx11k:extra/mc+shenzhen/train/CHNCXR_0224_0.png,shenzhen:CHNCXR_0224_0,0,pending_review,no
shenzhen,tbx11k:extra/mc+shenzhen/train/CHNCXR_0225_0.png,shenzhen:CHNCXR_0225_0,1,pending_review,no
shenzhen,tbx11k:extra/mc+shenzhen/train/CHNCXR_0226_0.png,shenzhen:CHNCXR_0226_0,1,pending_review,no
shenzhen,tbx11k:extra/mc+shenzhen/train/CHNCXR_0229_0.png,shenzhen:CHNCXR_0229_0,0,pending_review,no
shenzhen,tbx11k:extra/mc+shenzhen/train/CHNCXR_0230_0.png,shenzhen:CHNCXR_0230_0,3,pending_review,no
shenzhen,tbx11k:extra/mc+shenzhen/train/CHNCXR_0233_0.png,shenzhen:CHNCXR_0233_0,0,pending_review,no
shenzhen,tbx11k:extra/mc+shenzhen/train/CHNCXR_0238_0.png,shenzhen:CHNCXR_0238_0,0,pending_review,no
shenzhen,tbx11k:extra/mc+shenzhen/train/CHNCXR_0246_0.png,shenzhen:CHNCXR_0246_0,1,pending_review,no
shenzhen,tbx11k:extra/mc+shenzhen/train/CHNCXR_0252_0.png,shenzhen:CHNCXR_0252_0,3,pending_review,no
shenzhen,tbx11k:extra/mc+shenzhen/train/CHNCXR_0254_0.png,shenzhen:CHNCXR_0254_0,1,pending_review,no
shenzhen,tbx11k:extra/mc+shenzhen/train/CHNCXR_0256_0.png,shenzhen:CHNCXR_0256_0,0,pending_review,no
shenzhen,tbx11k:extra/mc+shenzhen/train/CHNCXR_0257_0.png,shenzhen:CHNCXR_0257_0,0,pending_review,no
shenzhen,tbx11k:extra/mc+shenzhen/train/CHNCXR_0258_0.png,shenzhen:CHNCXR_0258_0,0,pending_review,no
shenzhen,tbx11k:extra/mc+shenzhen/train/CHNCXR_0267_0.png,shenzhen:CHNCXR_0267_0,0,pending_review,no
shenzhen,tbx11k:extra/mc+shenzhen/train/CHNCXR_0268_0.png,shenzhen:CHNCXR_0268_0,0,pending_review,no
shenzhen,tbx11k:extra/mc+shenzhen/train/CHNCXR_0274_0.png,shenzhen:CHNCXR_0274_0,0,pending_review,no
shenzhen,tbx11k:extra/mc+shenzhen/train/CHNCXR_0275_0.png,shenzhen:CHNCXR_0275_0,2,pending_review,no
shenzhen,tbx11k:extra/mc+shenzhen/train/CHNCXR_0291_0.png,shenzhen:CHNCXR_0291_0,1,pending_review,no
shenzhen,tbx11k:extra/mc+shenzhen/train/CHNCXR_0308_0.png,shenzhen:CHNCXR_0308_0,0,pending_review,no
shenzhen,tbx11k:extra/mc+shenzhen/train/CHNCXR_0313_0.png,shenzhen:CHNCXR_0313_0,0,pending_review,no
shenzhen,tbx11k:extra/mc+shenzhen/train/CHNCXR_0315_0.png,shenzhen:CHNCXR_0315_0,0,pending_review,no
shenzhen,tbx11k:extra/mc+shenzhen/train/CHNCXR_0321_0.png,shenzhen:CHNCXR_0321_0,1,pending_review,no
shenzhen,tbx11k:extra/mc+shenzhen/train/CHNCXR_0323_0.png,shenzhen:CHNCXR_0323_0,0,pending_review,no
shenzhen,tbx11k:extra/mc+shenzhen/train/CHNCXR_0324_0.png,shenzhen:CHNCXR_0324_0,0,pending_review,no
shenzhen,tbx11k:extra/mc+shenzhen/train/CHNCXR_0326_0.png,shenzhen:CHNCXR_0326_0,0,pending_review,no
shenzhen,tbx11k:extra/mc+shenzhen/train/CHNCXR_0331_1.png,shenzhen:CHNCXR_0331_1,0,pending_review,no
shenzhen,tbx11k:extra/mc+shenzhen/train/CHNCXR_0332_1.png,shenzhen:CHNCXR_0332_1,2,pending_review,no
shenzhen,tbx11k:extra/mc+shenzhen/train/CHNCXR_0333_1.png,shenzhen:CHNCXR_0333_1,1,pending_review,no
shenzhen,tbx11k:extra/mc+shenzhen/train/CHNCXR_0336_1.png,shenzhen:CHNCXR_0336_1,2,pending_review,no
shenzhen,tbx11k:extra/mc+shenzhen/train/CHNCXR_0339_1.png,shenzhen:CHNCXR_0339_1,1,pending_review,no
shenzhen,tbx11k:extra/mc+shenzhen/train/CHNCXR_0343_1.png,shenzhen:CHNCXR_0343_1,3,pending_review,no
shenzhen,tbx11k:extra/mc+shenzhen/train/CHNCXR_0346_1.png,shenzhen:CHNCXR_0346_1,1,pending_review,no
shenzhen,tbx11k:extra/mc+shenzhen/train/CHNCXR_0349_1.png,shenzhen:CHNCXR_0349_1,0,pending_review,no
shenzhen,tbx11k:extra/mc+shenzhen/train/CHNCXR_0357_1.png,shenzhen:CHNCXR_0357_1,1,pending_review,no
shenzhen,tbx11k:extra/mc+shenzhen/train/CHNCXR_0358_1.png,shenzhen:CHNCXR_0358_1,1,pending_review,no
shenzhen,tbx11k:extra/mc+shenzhen/train/CHNCXR_0359_1.png,shenzhen:CHNCXR_0359_1,1,pending_review,no
shenzhen,tbx11k:extra/mc+shenzhen/train/CHNCXR_0361_1.png,shenzhen:CHNCXR_0361_1,1,pending_review,no
shenzhen,tbx11k:extra/mc+shenzhen/train/CHNCXR_0371_1.png,shenzhen:CHNCXR_0371_1,0,pending_review,no
shenzhen,tbx11k:extra/mc+shenzhen/train/CHNCXR_0372_1.png,shenzhen:CHNCXR_0372_1,1,pending_review,no
shenzhen,tbx11k:extra/mc+shenzhen/train/CHNCXR_0374_1.png,shenzhen:CHNCXR_0374_1,0,pending_review,no
shenzhen,tbx11k:extra/mc+shenzhen/train/CHNCXR_0375_1.png,shenzhen:CHNCXR_0375_1,1,pending_review,no
shenzhen,tbx11k:extra/mc+shenzhen/train/CHNCXR_0378_1.png,shenzhen:CHNCXR_0378_1,2,pending_review,no
shenzhen,tbx11k:extra/mc+shenzhen/train/CHNCXR_0388_1.png,shenzhen:CHNCXR_0388_1,1,pending_review,no
shenzhen,tbx11k:extra/mc+shenzhen/train/CHNCXR_0397_1.png,shenzhen:CHNCXR_0397_1,0,pending_review,no
shenzhen,tbx11k:extra/mc+shenzhen/train/CHNCXR_0399_1.png,shenzhen:CHNCXR_0399_1,1,pending_review,no
shenzhen,tbx11k:extra/mc+shenzhen/train/CHNCXR_0403_1.png,shenzhen:CHNCXR_0403_1,2,pending_review,no
shenzhen,tbx11k:extra/mc+shenzhen/train/CHNCXR_0409_1.png,shenzhen:CHNCXR_0409_1,0,pending_review,no
shenzhen,tbx11k:extra/mc+shenzhen/train/CHNCXR_0419_1.png,shenzhen:CHNCXR_0419_1,1,pending_review,no
shenzhen,tbx11k:extra/mc+shenzhen/train/CHNCXR_0423_1.png,shenzhen:CHNCXR_0423_1,1,pending_review,no
shenzhen,tbx11k:extra/mc+shenzhen/train/CHNCXR_0426_1.png,shenzhen:CHNCXR_0426_1,0,pending_review,no
shenzhen,tbx11k:extra/mc+shenzhen/train/CHNCXR_0428_1.png,shenzhen:CHNCXR_0428_1,1,pending_review,no
shenzhen,tbx11k:extra/mc+shenzhen/train/CHNCXR_0430_1.png,shenzhen:CHNCXR_0430_1,0,pending_review,no
shenzhen,tbx11k:extra/mc+shenzhen/train/CHNCXR_0431_1.png,shenzhen:CHNCXR_0431_1,0,pending_review,no
shenzhen,tbx11k:extra/mc+shenzhen/train/CHNCXR_0432_1.png,shenzhen:CHNCXR_0432_1,0,pending_review,no
shenzhen,tbx11k:extra/mc+shenzhen/train/CHNCXR_0437_1.png,shenzhen:CHNCXR_0437_1,0,pending_review,no
shenzhen,tbx11k:extra/mc+shenzhen/train/CHNCXR_0438_1.png,shenzhen:CHNCXR_0438_1,0,pending_review,no
shenzhen,tbx11k:extra/mc+shenzhen/train/CHNCXR_0442_1.png,shenzhen:CHNCXR_0442_1,3,pending_review,no
shenzhen,tbx11k:extra/mc+shenzhen/train/CHNCXR_0443_1.png,shenzhen:CHNCXR_0443_1,0,pending_review,no
shenzhen,tbx11k:extra/mc+shenzhen/train/CHNCXR_0444_1.png,shenzhen:CHNCXR_0444_1,2,pending_review,no
shenzhen,tbx11k:extra/mc+shenzhen/train/CHNCXR_0445_1.png,shenzhen:CHNCXR_0445_1,1,pending_review,no
shenzhen,tbx11k:extra/mc+shenzhen/train/CHNCXR_0450_1.png,shenzhen:CHNCXR_0450_1,0,pending_review,no
shenzhen,tbx11k:extra/mc+shenzhen/train/CHNCXR_0454_1.png,shenzhen:CHNCXR_0454_1,1,pending_review,no
shenzhen,tbx11k:extra/mc+shenzhen/train/CHNCXR_0456_1.png,shenzhen:CHNCXR_0456_1,1,pending_review,no
shenzhen,tbx11k:extra/mc+shenzhen/train/CHNCXR_0463_1.png,shenzhen:CHNCXR_0463_1,0,pending_review,no
shenzhen,tbx11k:extra/mc+shenzhen/train/CHNCXR_0464_1.png,shenzhen:CHNCXR_0464_1,0,pending_review,no
shenzhen,tbx11k:extra/mc+shenzhen/train/CHNCXR_0469_1.png,shenzhen:CHNCXR_0469_1,0,pending_review,no
shenzhen,tbx11k:extra/mc+shenzhen/train/CHNCXR_0471_1.png,shenzhen:CHNCXR_0471_1,1,pending_review,no
shenzhen,tbx11k:extra/mc+shenzhen/train/CHNCXR_0473_1.png,shenzhen:CHNCXR_0473_1,1,pending_review,no
shenzhen,tbx11k:extra/mc+shenzhen/train/CHNCXR_0474_1.png,shenzhen:CHNCXR_0474_1,1,pending_review,no
shenzhen,tbx11k:extra/mc+shenzhen/train/CHNCXR_0475_1.png,shenzhen:CHNCXR_0475_1,1,pending_review,no
shenzhen,tbx11k:extra/mc+shenzhen/train/CHNCXR_0479_1.png,shenzhen:CHNCXR_0479_1,2,pending_review,no
shenzhen,tbx11k:extra/mc+shenzhen/train/CHNCXR_0481_1.png,shenzhen:CHNCXR_0481_1,0,pending_review,no
shenzhen,tbx11k:extra/mc+shenzhen/train/CHNCXR_0485_1.png,shenzhen:CHNCXR_0485_1,0,pending_review,no
shenzhen,tbx11k:extra/mc+shenzhen/train/CHNCXR_0488_1.png,shenzhen:CHNCXR_0488_1,2,pending_review,no
shenzhen,tbx11k:extra/mc+shenzhen/train/CHNCXR_0500_1.png,shenzhen:CHNCXR_0500_1,0,pending_review,no
shenzhen,tbx11k:extra/mc+shenzhen/train/CHNCXR_0510_1.png,shenzhen:CHNCXR_0510_1,1,pending_review,no
shenzhen,tbx11k:extra/mc+shenzhen/train/CHNCXR_0515_1.png,shenzhen:CHNCXR_0515_1,0,pending_review,no
shenzhen,tbx11k:extra/mc+shenzhen/train/CHNCXR_0516_1.png,shenzhen:CHNCXR_0516_1,0,pending_review,no
shenzhen,tbx11k:extra/mc+shenzhen/train/CHNCXR_0518_1.png,shenzhen:CHNCXR_0518_1,0,pending_review,no
shenzhen,tbx11k:extra/mc+shenzhen/train/CHNCXR_0523_1.png,shenzhen:CHNCXR_0523_1,0,pending_review,no
shenzhen,tbx11k:extra/mc+shenzhen/train/CHNCXR_0532_1.png,shenzhen:CHNCXR_0532_1,0,pending_review,no
shenzhen,tbx11k:extra/mc+shenzhen/train/CHNCXR_0536_1.png,shenzhen:CHNCXR_0536_1,0,pending_review,no
shenzhen,tbx11k:extra/mc+shenzhen/train/CHNCXR_0545_1.png,shenzhen:CHNCXR_0545_1,0,pending_review,no
shenzhen,tbx11k:extra/mc+shenzhen/train/CHNCXR_0546_1.png,shenzhen:CHNCXR_0546_1,0,pending_review,no
shenzhen,tbx11k:extra/mc+shenzhen/train/CHNCXR_0547_1.png,shenzhen:CHNCXR_0547_1,1,pending_review,no
shenzhen,tbx11k:extra/mc+shenzhen/train/CHNCXR_0552_1.png,shenzhen:CHNCXR_0552_1,1,pending_review,no
shenzhen,tbx11k:extra/mc+shenzhen/train/CHNCXR_0555_1.png,shenzhen:CHNCXR_0555_1,0,pending_review,no
shenzhen,tbx11k:extra/mc+shenzhen/train/CHNCXR_0562_1.png,shenzhen:CHNCXR_0562_1,0,pending_review,no
shenzhen,tbx11k:extra/mc+shenzhen/train/CHNCXR_0564_1.png,shenzhen:CHNCXR_0564_1,0,pending_review,no
shenzhen,tbx11k:extra/mc+shenzhen/train/CHNCXR_0575_1.png,shenzhen:CHNCXR_0575_1,1,pending_review,no
shenzhen,tbx11k:extra/mc+shenzhen/train/CHNCXR_0579_1.png,shenzhen:CHNCXR_0579_1,3,pending_review,no
shenzhen,tbx11k:extra/mc+shenzhen/train/CHNCXR_0580_1.png,shenzhen:CHNCXR_0580_1,0,pending_review,no
shenzhen,tbx11k:extra/mc+shenzhen/train/CHNCXR_0589_1.png,shenzhen:CHNCXR_0589_1,1,pending_review,no
shenzhen,tbx11k:extra/mc+shenzhen/train/CHNCXR_0593_1.png,shenzhen:CHNCXR_0593_1,0,pending_review,no
shenzhen,tbx11k:extra/mc+shenzhen/train/CHNCXR_0597_1.png,shenzhen:CHNCXR_0597_1,0,pending_review,no
shenzhen,tbx11k:extra/mc+shenzhen/train/CHNCXR_0598_1.png,shenzhen:CHNCXR_0598_1,0,pending_review,no
shenzhen,tbx11k:extra/mc+shenzhen/train/CHNCXR_0604_1.png,shenzhen:CHNCXR_0604_1,0,pending_review,no
shenzhen,tbx11k:extra/mc+shenzhen/train/CHNCXR_0605_1.png,shenzhen:CHNCXR_0605_1,1,pending_review,no
shenzhen,tbx11k:extra/mc+shenzhen/train/CHNCXR_0606_1.png,shenzhen:CHNCXR_0606_1,1,pending_review,no
shenzhen,tbx11k:extra/mc+shenzhen/train/CHNCXR_0607_1.png,shenzhen:CHNCXR_0607_1,1,pending_review,no
shenzhen,tbx11k:extra/mc+shenzhen/train/CHNCXR_0614_1.png,shenzhen:CHNCXR_0614_1,0,pending_review,no
shenzhen,tbx11k:extra/mc+shenzhen/train/CHNCXR_0615_1.png,shenzhen:CHNCXR_0615_1,0,pending_review,no
shenzhen,tbx11k:extra/mc+shenzhen/train/CHNCXR_0618_1.png,shenzhen:CHNCXR_0618_1,1,pending_review,no
shenzhen,tbx11k:extra/mc+shenzhen/train/CHNCXR_0619_1.png,shenzhen:CHNCXR_0619_1,1,pending_review,no
shenzhen,tbx11k:extra/mc+shenzhen/train/CHNCXR_0626_1.png,shenzhen:CHNCXR_0626_1,1,pending_review,no
shenzhen,tbx11k:extra/mc+shenzhen/train/CHNCXR_0632_1.png,shenzhen:CHNCXR_0632_1,0,pending_review,no
shenzhen,tbx11k:extra/mc+shenzhen/train/CHNCXR_0635_1.png,shenzhen:CHNCXR_0635_1,0,pending_review,no
shenzhen,tbx11k:extra/mc+shenzhen/train/CHNCXR_0636_1.png,shenzhen:CHNCXR_0636_1,0,pending_review,no
shenzhen,tbx11k:extra/mc+shenzhen/train/CHNCXR_0637_1.png,shenzhen:CHNCXR_0637_1,1,pending_review,no
shenzhen,tbx11k:extra/mc+shenzhen/train/CHNCXR_0638_1.png,shenzhen:CHNCXR_0638_1,0,pending_review,no
shenzhen,tbx11k:extra/mc+shenzhen/train/CHNCXR_0642_1.png,shenzhen:CHNCXR_0642_1,0,pending_review,no
shenzhen,tbx11k:extra/mc+shenzhen/train/CHNCXR_0645_1.png,shenzhen:CHNCXR_0645_1,0,pending_review,no
shenzhen,tbx11k:extra/mc+shenzhen/train/CHNCXR_0646_1.png,shenzhen:CHNCXR_0646_1,0,pending_review,no
shenzhen,tbx11k:extra/mc+shenzhen/train/CHNCXR_0654_1.png,shenzhen:CHNCXR_0654_1,0,pending_review,no
shenzhen,tbx11k:extra/mc+shenzhen/val/CHNCXR_0002_0.png,shenzhen:CHNCXR_0002_0,2,pending_review,no
shenzhen,tbx11k:extra/mc+shenzhen/val/CHNCXR_0007_0.png,shenzhen:CHNCXR_0007_0,1,pending_review,no
shenzhen,tbx11k:extra/mc+shenzhen/val/CHNCXR_0009_0.png,shenzhen:CHNCXR_0009_0,0,pending_review,no
shenzhen,tbx11k:extra/mc+shenzhen/val/CHNCXR_0013_0.png,shenzhen:CHNCXR_0013_0,0,pending_review,no
shenzhen,tbx11k:extra/mc+shenzhen/val/CHNCXR_0016_0.png,shenzhen:CHNCXR_0016_0,1,pending_review,no
shenzhen,tbx11k:extra/mc+shenzhen/val/CHNCXR_0018_0.png,shenzhen:CHNCXR_0018_0,0,pending_review,no
shenzhen,tbx11k:extra/mc+shenzhen/val/CHNCXR_0023_0.png,shenzhen:CHNCXR_0023_0,0,pending_review,no
shenzhen,tbx11k:extra/mc+shenzhen/val/CHNCXR_0024_0.png,shenzhen:CHNCXR_0024_0,1,pending_review,no
shenzhen,tbx11k:extra/mc+shenzhen/val/CHNCXR_0027_0.png,shenzhen:CHNCXR_0027_0,1,pending_review,no
shenzhen,tbx11k:extra/mc+shenzhen/val/CHNCXR_0031_0.png,shenzhen:CHNCXR_0031_0,1,pending_review,no
shenzhen,tbx11k:extra/mc+shenzhen/val/CHNCXR_0032_0.png,shenzhen:CHNCXR_0032_0,1,pending_review,no
shenzhen,tbx11k:extra/mc+shenzhen/val/CHNCXR_0035_0.png,shenzhen:CHNCXR_0035_0,0,pending_review,no
shenzhen,tbx11k:extra/mc+shenzhen/val/CHNCXR_0036_0.png,shenzhen:CHNCXR_0036_0,1,pending_review,no
shenzhen,tbx11k:extra/mc+shenzhen/val/CHNCXR_0040_0.png,shenzhen:CHNCXR_0040_0,0,pending_review,no
shenzhen,tbx11k:extra/mc+shenzhen/val/CHNCXR_0045_0.png,shenzhen:CHNCXR_0045_0,0,pending_review,no
shenzhen,tbx11k:extra/mc+shenzhen/val/CHNCXR_0046_0.png,shenzhen:CHNCXR_0046_0,0,pending_review,no
shenzhen,tbx11k:extra/mc+shenzhen/val/CHNCXR_0051_0.png,shenzhen:CHNCXR_0051_0,0,pending_review,no
shenzhen,tbx11k:extra/mc+shenzhen/val/CHNCXR_0061_0.png,shenzhen:CHNCXR_0061_0,0,pending_review,no
shenzhen,tbx11k:extra/mc+shenzhen/val/CHNCXR_0065_0.png,shenzhen:CHNCXR_0065_0,0,pending_review,no
shenzhen,tbx11k:extra/mc+shenzhen/val/CHNCXR_0071_0.png,shenzhen:CHNCXR_0071_0,1,pending_review,no
shenzhen,tbx11k:extra/mc+shenzhen/val/CHNCXR_0073_0.png,shenzhen:CHNCXR_0073_0,0,pending_review,no
shenzhen,tbx11k:extra/mc+shenzhen/val/CHNCXR_0074_0.png,shenzhen:CHNCXR_0074_0,2,pending_review,no
shenzhen,tbx11k:extra/mc+shenzhen/val/CHNCXR_0078_0.png,shenzhen:CHNCXR_0078_0,0,pending_review,no
shenzhen,tbx11k:extra/mc+shenzhen/val/CHNCXR_0080_0.png,shenzhen:CHNCXR_0080_0,0,pending_review,no
shenzhen,tbx11k:extra/mc+shenzhen/val/CHNCXR_0081_0.png,shenzhen:CHNCXR_0081_0,0,pending_review,no
shenzhen,tbx11k:extra/mc+shenzhen/val/CHNCXR_0083_0.png,shenzhen:CHNCXR_0083_0,1,pending_review,no
shenzhen,tbx11k:extra/mc+shenzhen/val/CHNCXR_0084_0.png,shenzhen:CHNCXR_0084_0,1,pending_review,no
shenzhen,tbx11k:extra/mc+shenzhen/val/CHNCXR_0087_0.png,shenzhen:CHNCXR_0087_0,1,pending_review,no
shenzhen,tbx11k:extra/mc+shenzhen/val/CHNCXR_0093_0.png,shenzhen:CHNCXR_0093_0,1,pending_review,no
shenzhen,tbx11k:extra/mc+shenzhen/val/CHNCXR_0096_0.png,shenzhen:CHNCXR_0096_0,0,pending_review,no
shenzhen,tbx11k:extra/mc+shenzhen/val/CHNCXR_0097_0.png,shenzhen:CHNCXR_0097_0,2,pending_review,no
shenzhen,tbx11k:extra/mc+shenzhen/val/CHNCXR_0101_0.png,shenzhen:CHNCXR_0101_0,0,pending_review,no
shenzhen,tbx11k:extra/mc+shenzhen/val/CHNCXR_0106_0.png,shenzhen:CHNCXR_0106_0,0,pending_review,no
shenzhen,tbx11k:extra/mc+shenzhen/val/CHNCXR_0107_0.png,shenzhen:CHNCXR_0107_0,0,pending_review,no
shenzhen,tbx11k:extra/mc+shenzhen/val/CHNCXR_0108_0.png,shenzhen:CHNCXR_0108_0,1,pending_review,no
shenzhen,tbx11k:extra/mc+shenzhen/val/CHNCXR_0109_0.png,shenzhen:CHNCXR_0109_0,0,pending_review,no
shenzhen,tbx11k:extra/mc+shenzhen/val/CHNCXR_0117_0.png,shenzhen:CHNCXR_0117_0,3,pending_review,no
shenzhen,tbx11k:extra/mc+shenzhen/val/CHNCXR_0118_0.png,shenzhen:CHNCXR_0118_0,0,pending_review,no
shenzhen,tbx11k:extra/mc+shenzhen/val/CHNCXR_0119_0.png,shenzhen:CHNCXR_0119_0,0,pending_review,no
shenzhen,tbx11k:extra/mc+shenzhen/val/CHNCXR_0121_0.png,shenzhen:CHNCXR_0121_0,2,pending_review,no
shenzhen,tbx11k:extra/mc+shenzhen/val/CHNCXR_0125_0.png,shenzhen:CHNCXR_0125_0,2,pending_review,no
shenzhen,tbx11k:extra/mc+shenzhen/val/CHNCXR_0126_0.png,shenzhen:CHNCXR_0126_0,0,pending_review,no
shenzhen,tbx11k:extra/mc+shenzhen/val/CHNCXR_0139_0.png,shenzhen:CHNCXR_0139_0,0,pending_review,no
shenzhen,tbx11k:extra/mc+shenzhen/val/CHNCXR_0142_0.png,shenzhen:CHNCXR_0142_0,1,pending_review,no
shenzhen,tbx11k:extra/mc+shenzhen/val/CHNCXR_0143_0.png,shenzhen:CHNCXR_0143_0,2,pending_review,no
shenzhen,tbx11k:extra/mc+shenzhen/val/CHNCXR_0162_0.png,shenzhen:CHNCXR_0162_0,0,pending_review,no
shenzhen,tbx11k:extra/mc+shenzhen/val/CHNCXR_0164_0.png,shenzhen:CHNCXR_0164_0,3,pending_review,no
shenzhen,tbx11k:extra/mc+shenzhen/val/CHNCXR_0175_0.png,shenzhen:CHNCXR_0175_0,0,pending_review,no
shenzhen,tbx11k:extra/mc+shenzhen/val/CHNCXR_0177_0.png,shenzhen:CHNCXR_0177_0,1,pending_review,no
shenzhen,tbx11k:extra/mc+shenzhen/val/CHNCXR_0179_0.png,shenzhen:CHNCXR_0179_0,0,pending_review,no
shenzhen,tbx11k:extra/mc+shenzhen/val/CHNCXR_0181_0.png,shenzhen:CHNCXR_0181_0,0,pending_review,no
shenzhen,tbx11k:extra/mc+shenzhen/val/CHNCXR_0188_0.png,shenzhen:CHNCXR_0188_0,0,pending_review,no
shenzhen,tbx11k:extra/mc+shenzhen/val/CHNCXR_0193_0.png,shenzhen:CHNCXR_0193_0,1,pending_review,no
shenzhen,tbx11k:extra/mc+shenzhen/val/CHNCXR_0199_0.png,shenzhen:CHNCXR_0199_0,1,pending_review,no
shenzhen,tbx11k:extra/mc+shenzhen/val/CHNCXR_0200_0.png,shenzhen:CHNCXR_0200_0,0,pending_review,no
shenzhen,tbx11k:extra/mc+shenzhen/val/CHNCXR_0205_0.png,shenzhen:CHNCXR_0205_0,0,pending_review,no
shenzhen,tbx11k:extra/mc+shenzhen/val/CHNCXR_0211_0.png,shenzhen:CHNCXR_0211_0,2,pending_review,no
shenzhen,tbx11k:extra/mc+shenzhen/val/CHNCXR_0213_0.png,shenzhen:CHNCXR_0213_0,1,pending_review,no
shenzhen,tbx11k:extra/mc+shenzhen/val/CHNCXR_0219_0.png,shenzhen:CHNCXR_0219_0,1,pending_review,no
shenzhen,tbx11k:extra/mc+shenzhen/val/CHNCXR_0237_0.png,shenzhen:CHNCXR_0237_0,0,pending_review,no
shenzhen,tbx11k:extra/mc+shenzhen/val/CHNCXR_0243_0.png,shenzhen:CHNCXR_0243_0,0,pending_review,no
shenzhen,tbx11k:extra/mc+shenzhen/val/CHNCXR_0244_0.png,shenzhen:CHNCXR_0244_0,0,pending_review,no
shenzhen,tbx11k:extra/mc+shenzhen/val/CHNCXR_0249_0.png,shenzhen:CHNCXR_0249_0,1,pending_review,no
shenzhen,tbx11k:extra/mc+shenzhen/val/CHNCXR_0250_0.png,shenzhen:CHNCXR_0250_0,0,pending_review,no
shenzhen,tbx11k:extra/mc+shenzhen/val/CHNCXR_0261_0.png,shenzhen:CHNCXR_0261_0,1,pending_review,no
shenzhen,tbx11k:extra/mc+shenzhen/val/CHNCXR_0262_0.png,shenzhen:CHNCXR_0262_0,0,pending_review,no
shenzhen,tbx11k:extra/mc+shenzhen/val/CHNCXR_0263_0.png,shenzhen:CHNCXR_0263_0,0,pending_review,no
shenzhen,tbx11k:extra/mc+shenzhen/val/CHNCXR_0265_0.png,shenzhen:CHNCXR_0265_0,1,pending_review,no
shenzhen,tbx11k:extra/mc+shenzhen/val/CHNCXR_0269_0.png,shenzhen:CHNCXR_0269_0,2,pending_review,no
shenzhen,tbx11k:extra/mc+shenzhen/val/CHNCXR_0270_0.png,shenzhen:CHNCXR_0270_0,2,pending_review,no
shenzhen,tbx11k:extra/mc+shenzhen/val/CHNCXR_0271_0.png,shenzhen:CHNCXR_0271_0,1,pending_review,no
shenzhen,tbx11k:extra/mc+shenzhen/val/CHNCXR_0272_0.png,shenzhen:CHNCXR_0272_0,1,pending_review,no
shenzhen,tbx11k:extra/mc+shenzhen/val/CHNCXR_0276_0.png,shenzhen:CHNCXR_0276_0,1,pending_review,no
shenzhen,tbx11k:extra/mc+shenzhen/val/CHNCXR_0280_0.png,shenzhen:CHNCXR_0280_0,1,pending_review,no
shenzhen,tbx11k:extra/mc+shenzhen/val/CHNCXR_0281_0.png,shenzhen:CHNCXR_0281_0,1,pending_review,no
shenzhen,tbx11k:extra/mc+shenzhen/val/CHNCXR_0288_0.png,shenzhen:CHNCXR_0288_0,0,pending_review,no
shenzhen,tbx11k:extra/mc+shenzhen/val/CHNCXR_0289_0.png,shenzhen:CHNCXR_0289_0,0,pending_review,no
shenzhen,tbx11k:extra/mc+shenzhen/val/CHNCXR_0293_0.png,shenzhen:CHNCXR_0293_0,0,pending_review,no
shenzhen,tbx11k:extra/mc+shenzhen/val/CHNCXR_0294_0.png,shenzhen:CHNCXR_0294_0,0,pending_review,no
shenzhen,tbx11k:extra/mc+shenzhen/val/CHNCXR_0301_0.png,shenzhen:CHNCXR_0301_0,0,pending_review,no
shenzhen,tbx11k:extra/mc+shenzhen/val/CHNCXR_0303_0.png,shenzhen:CHNCXR_0303_0,1,pending_review,no
shenzhen,tbx11k:extra/mc+shenzhen/val/CHNCXR_0305_0.png,shenzhen:CHNCXR_0305_0,3,pending_review,no
shenzhen,tbx11k:extra/mc+shenzhen/val/CHNCXR_0314_0.png,shenzhen:CHNCXR_0314_0,1,pending_review,no
shenzhen,tbx11k:extra/mc+shenzhen/val/CHNCXR_0316_0.png,shenzhen:CHNCXR_0316_0,3,pending_review,no
shenzhen,tbx11k:extra/mc+shenzhen/val/CHNCXR_0319_0.png,shenzhen:CHNCXR_0319_0,0,pending_review,no
shenzhen,tbx11k:extra/mc+shenzhen/val/CHNCXR_0327_1.png,shenzhen:CHNCXR_0327_1,0,pending_review,no
shenzhen,tbx11k:extra/mc+shenzhen/val/CHNCXR_0329_1.png,shenzhen:CHNCXR_0329_1,0,pending_review,no
shenzhen,tbx11k:extra/mc+shenzhen/val/CHNCXR_0341_1.png,shenzhen:CHNCXR_0341_1,0,pending_review,no
shenzhen,tbx11k:extra/mc+shenzhen/val/CHNCXR_0342_1.png,shenzhen:CHNCXR_0342_1,0,pending_review,no
shenzhen,tbx11k:extra/mc+shenzhen/val/CHNCXR_0347_1.png,shenzhen:CHNCXR_0347_1,0,pending_review,no
shenzhen,tbx11k:extra/mc+shenzhen/val/CHNCXR_0351_1.png,shenzhen:CHNCXR_0351_1,2,pending_review,no
shenzhen,tbx11k:extra/mc+shenzhen/val/CHNCXR_0352_1.png,shenzhen:CHNCXR_0352_1,0,pending_review,no
shenzhen,tbx11k:extra/mc+shenzhen/val/CHNCXR_0355_1.png,shenzhen:CHNCXR_0355_1,0,pending_review,no
shenzhen,tbx11k:extra/mc+shenzhen/val/CHNCXR_0356_1.png,shenzhen:CHNCXR_0356_1,0,pending_review,no
shenzhen,tbx11k:extra/mc+shenzhen/val/CHNCXR_0363_1.png,shenzhen:CHNCXR_0363_1,1,pending_review,no
shenzhen,tbx11k:extra/mc+shenzhen/val/CHNCXR_0367_1.png,shenzhen:CHNCXR_0367_1,1,pending_review,no
shenzhen,tbx11k:extra/mc+shenzhen/val/CHNCXR_0370_1.png,shenzhen:CHNCXR_0370_1,0,pending_review,no
shenzhen,tbx11k:extra/mc+shenzhen/val/CHNCXR_0376_1.png,shenzhen:CHNCXR_0376_1,2,pending_review,no
shenzhen,tbx11k:extra/mc+shenzhen/val/CHNCXR_0380_1.png,shenzhen:CHNCXR_0380_1,1,pending_review,no
shenzhen,tbx11k:extra/mc+shenzhen/val/CHNCXR_0381_1.png,shenzhen:CHNCXR_0381_1,1,pending_review,no
shenzhen,tbx11k:extra/mc+shenzhen/val/CHNCXR_0383_1.png,shenzhen:CHNCXR_0383_1,0,pending_review,no
shenzhen,tbx11k:extra/mc+shenzhen/val/CHNCXR_0385_1.png,shenzhen:CHNCXR_0385_1,0,pending_review,no
shenzhen,tbx11k:extra/mc+shenzhen/val/CHNCXR_0390_1.png,shenzhen:CHNCXR_0390_1,0,pending_review,no
shenzhen,tbx11k:extra/mc+shenzhen/val/CHNCXR_0391_1.png,shenzhen:CHNCXR_0391_1,0,pending_review,no
shenzhen,tbx11k:extra/mc+shenzhen/val/CHNCXR_0392_1.png,shenzhen:CHNCXR_0392_1,1,pending_review,no
shenzhen,tbx11k:extra/mc+shenzhen/val/CHNCXR_0396_1.png,shenzhen:CHNCXR_0396_1,1,pending_review,no
shenzhen,tbx11k:extra/mc+shenzhen/val/CHNCXR_0404_1.png,shenzhen:CHNCXR_0404_1,4,pending_review,no
shenzhen,tbx11k:extra/mc+shenzhen/val/CHNCXR_0406_1.png,shenzhen:CHNCXR_0406_1,0,pending_review,no
shenzhen,tbx11k:extra/mc+shenzhen/val/CHNCXR_0407_1.png,shenzhen:CHNCXR_0407_1,0,pending_review,no
shenzhen,tbx11k:extra/mc+shenzhen/val/CHNCXR_0411_1.png,shenzhen:CHNCXR_0411_1,0,pending_review,no
shenzhen,tbx11k:extra/mc+shenzhen/val/CHNCXR_0412_1.png,shenzhen:CHNCXR_0412_1,0,pending_review,no
shenzhen,tbx11k:extra/mc+shenzhen/val/CHNCXR_0414_1.png,shenzhen:CHNCXR_0414_1,0,pending_review,no
shenzhen,tbx11k:extra/mc+shenzhen/val/CHNCXR_0421_1.png,shenzhen:CHNCXR_0421_1,0,pending_review,no
shenzhen,tbx11k:extra/mc+shenzhen/val/CHNCXR_0422_1.png,shenzhen:CHNCXR_0422_1,1,pending_review,no
shenzhen,tbx11k:extra/mc+shenzhen/val/CHNCXR_0425_1.png,shenzhen:CHNCXR_0425_1,0,pending_review,no
shenzhen,tbx11k:extra/mc+shenzhen/val/CHNCXR_0433_1.png,shenzhen:CHNCXR_0433_1,0,pending_review,no
shenzhen,tbx11k:extra/mc+shenzhen/val/CHNCXR_0441_1.png,shenzhen:CHNCXR_0441_1,0,pending_review,no
shenzhen,tbx11k:extra/mc+shenzhen/val/CHNCXR_0449_1.png,shenzhen:CHNCXR_0449_1,1,pending_review,no
shenzhen,tbx11k:extra/mc+shenzhen/val/CHNCXR_0461_1.png,shenzhen:CHNCXR_0461_1,0,pending_review,no
shenzhen,tbx11k:extra/mc+shenzhen/val/CHNCXR_0466_1.png,shenzhen:CHNCXR_0466_1,0,pending_review,no
shenzhen,tbx11k:extra/mc+shenzhen/val/CHNCXR_0467_1.png,shenzhen:CHNCXR_0467_1,0,pending_review,no
shenzhen,tbx11k:extra/mc+shenzhen/val/CHNCXR_0470_1.png,shenzhen:CHNCXR_0470_1,0,pending_review,no
shenzhen,tbx11k:extra/mc+shenzhen/val/CHNCXR_0476_1.png,shenzhen:CHNCXR_0476_1,2,pending_review,no
shenzhen,tbx11k:extra/mc+shenzhen/val/CHNCXR_0482_1.png,shenzhen:CHNCXR_0482_1,0,pending_review,no
shenzhen,tbx11k:extra/mc+shenzhen/val/CHNCXR_0492_1.png,shenzhen:CHNCXR_0492_1,0,pending_review,no
shenzhen,tbx11k:extra/mc+shenzhen/val/CHNCXR_0495_1.png,shenzhen:CHNCXR_0495_1,0,pending_review,no
shenzhen,tbx11k:extra/mc+shenzhen/val/CHNCXR_0504_1.png,shenzhen:CHNCXR_0504_1,0,pending_review,no
shenzhen,tbx11k:extra/mc+shenzhen/val/CHNCXR_0506_1.png,shenzhen:CHNCXR_0506_1,1,pending_review,no
shenzhen,tbx11k:extra/mc+shenzhen/val/CHNCXR_0508_1.png,shenzhen:CHNCXR_0508_1,1,pending_review,no
shenzhen,tbx11k:extra/mc+shenzhen/val/CHNCXR_0513_1.png,shenzhen:CHNCXR_0513_1,4,pending_review,no
shenzhen,tbx11k:extra/mc+shenzhen/val/CHNCXR_0514_1.png,shenzhen:CHNCXR_0514_1,0,pending_review,no
shenzhen,tbx11k:extra/mc+shenzhen/val/CHNCXR_0517_1.png,shenzhen:CHNCXR_0517_1,0,pending_review,no
shenzhen,tbx11k:extra/mc+shenzhen/val/CHNCXR_0519_1.png,shenzhen:CHNCXR_0519_1,0,pending_review,no
shenzhen,tbx11k:extra/mc+shenzhen/val/CHNCXR_0520_1.png,shenzhen:CHNCXR_0520_1,0,pending_review,no
shenzhen,tbx11k:extra/mc+shenzhen/val/CHNCXR_0527_1.png,shenzhen:CHNCXR_0527_1,0,pending_review,no
shenzhen,tbx11k:extra/mc+shenzhen/val/CHNCXR_0529_1.png,shenzhen:CHNCXR_0529_1,0,pending_review,no
shenzhen,tbx11k:extra/mc+shenzhen/val/CHNCXR_0535_1.png,shenzhen:CHNCXR_0535_1,2,pending_review,no
shenzhen,tbx11k:extra/mc+shenzhen/val/CHNCXR_0538_1.png,shenzhen:CHNCXR_0538_1,0,pending_review,no
shenzhen,tbx11k:extra/mc+shenzhen/val/CHNCXR_0541_1.png,shenzhen:CHNCXR_0541_1,0,pending_review,no
shenzhen,tbx11k:extra/mc+shenzhen/val/CHNCXR_0543_1.png,shenzhen:CHNCXR_0543_1,1,pending_review,no
shenzhen,tbx11k:extra/mc+shenzhen/val/CHNCXR_0551_1.png,shenzhen:CHNCXR_0551_1,1,pending_review,no
shenzhen,tbx11k:extra/mc+shenzhen/val/CHNCXR_0558_1.png,shenzhen:CHNCXR_0558_1,3,pending_review,no
shenzhen,tbx11k:extra/mc+shenzhen/val/CHNCXR_0560_1.png,shenzhen:CHNCXR_0560_1,0,pending_review,no
shenzhen,tbx11k:extra/mc+shenzhen/val/CHNCXR_0566_1.png,shenzhen:CHNCXR_0566_1,1,pending_review,no
shenzhen,tbx11k:extra/mc+shenzhen/val/CHNCXR_0567_1.png,shenzhen:CHNCXR_0567_1,0,pending_review,no
shenzhen,tbx11k:extra/mc+shenzhen/val/CHNCXR_0571_1.png,shenzhen:CHNCXR_0571_1,1,pending_review,no
shenzhen,tbx11k:extra/mc+shenzhen/val/CHNCXR_0583_1.png,shenzhen:CHNCXR_0583_1,0,pending_review,no
shenzhen,tbx11k:extra/mc+shenzhen/val/CHNCXR_0590_1.png,shenzhen:CHNCXR_0590_1,0,pending_review,no
shenzhen,tbx11k:extra/mc+shenzhen/val/CHNCXR_0591_1.png,shenzhen:CHNCXR_0591_1,0,pending_review,no
shenzhen,tbx11k:extra/mc+shenzhen/val/CHNCXR_0592_1.png,shenzhen:CHNCXR_0592_1,0,pending_review,no
shenzhen,tbx11k:extra/mc+shenzhen/val/CHNCXR_0613_1.png,shenzhen:CHNCXR_0613_1,1,pending_review,no
shenzhen,tbx11k:extra/mc+shenzhen/val/CHNCXR_0616_1.png,shenzhen:CHNCXR_0616_1,0,pending_review,no
shenzhen,tbx11k:extra/mc+shenzhen/val/CHNCXR_0617_1.png,shenzhen:CHNCXR_0617_1,0,pending_review,no
shenzhen,tbx11k:extra/mc+shenzhen/val/CHNCXR_0620_1.png,shenzhen:CHNCXR_0620_1,1,pending_review,no
shenzhen,tbx11k:extra/mc+shenzhen/val/CHNCXR_0621_1.png,shenzhen:CHNCXR_0621_1,2,pending_review,no
shenzhen,tbx11k:extra/mc+shenzhen/val/CHNCXR_0628_1.png,shenzhen:CHNCXR_0628_1,3,pending_review,no
shenzhen,tbx11k:extra/mc+shenzhen/val/CHNCXR_0641_1.png,shenzhen:CHNCXR_0641_1,0,pending_review,no
shenzhen,tbx11k:extra/mc+shenzhen/val/CHNCXR_0643_1.png,shenzhen:CHNCXR_0643_1,1,pending_review,no
shenzhen,tbx11k:extra/mc+shenzhen/val/CHNCXR_0644_1.png,shenzhen:CHNCXR_0644_1,1,pending_review,no
shenzhen,tbx11k:extra/mc+shenzhen/val/CHNCXR_0647_1.png,shenzhen:CHNCXR_0647_1,1,pending_review,no
shenzhen,tbx11k:extra/mc+shenzhen/val/CHNCXR_0655_1.png,shenzhen:CHNCXR_0655_1,0,pending_review,no
shenzhen,tbx11k:extra/mc+shenzhen/val/CHNCXR_0658_1.png,shenzhen:CHNCXR_0658_1,1,pending_review,no
shenzhen,tbx11k:extra/mc+shenzhen/val/CHNCXR_0659_1.png,shenzhen:CHNCXR_0659_1,1,pending_review,no
shenzhen,tbx11k:test/unknown_1.png,shenzhen:CHNCXR_0157_0,0,pending_review,no
shenzhen,tbx11k:test/unknown_1027.png,shenzhen:CHNCXR_0369_1,0,pending_review,no
shenzhen,tbx11k:test/unknown_1050.png,shenzhen:CHNCXR_0533_1,0,pending_review,no
shenzhen,tbx11k:test/unknown_1053.png,shenzhen:CHNCXR_0165_0,0,pending_review,no
shenzhen,tbx11k:test/unknown_1060.png,shenzhen:CHNCXR_0487_1,0,pending_review,no
shenzhen,tbx11k:test/unknown_1076.png,shenzhen:CHNCXR_0273_0,0,pending_review,no
shenzhen,tbx11k:test/unknown_1098.png,shenzhen:CHNCXR_0460_1,1,pending_review,no
shenzhen,tbx11k:test/unknown_1099.png,shenzhen:CHNCXR_0180_0,0,pending_review,no
shenzhen,tbx11k:test/unknown_11.png,shenzhen:CHNCXR_0088_0,1,pending_review,no
shenzhen,tbx11k:test/unknown_1112.png,shenzhen:CHNCXR_0627_1,1,pending_review,no
shenzhen,tbx11k:test/unknown_1122.png,shenzhen:CHNCXR_0537_1,1,pending_review,no
shenzhen,tbx11k:test/unknown_1128.png,shenzhen:CHNCXR_0656_1,2,pending_review,no
shenzhen,tbx11k:test/unknown_1137.png,shenzhen:CHNCXR_0147_0,0,pending_review,no
shenzhen,tbx11k:test/unknown_1163.png,shenzhen:CHNCXR_0146_0,0,pending_review,no
shenzhen,tbx11k:test/unknown_1174.png,shenzhen:CHNCXR_0195_0,0,pending_review,no
shenzhen,tbx11k:test/unknown_1176.png,shenzhen:CHNCXR_0410_1,0,pending_review,no
shenzhen,tbx11k:test/unknown_1194.png,shenzhen:CHNCXR_0006_0,0,pending_review,no
shenzhen,tbx11k:test/unknown_1202.png,shenzhen:CHNCXR_0630_1,0,pending_review,no
shenzhen,tbx11k:test/unknown_122.png,shenzhen:CHNCXR_0573_1,1,pending_review,no
shenzhen,tbx11k:test/unknown_1235.png,shenzhen:CHNCXR_0248_0,1,pending_review,no
shenzhen,tbx11k:test/unknown_1243.png,shenzhen:CHNCXR_0507_1,0,pending_review,no
shenzhen,tbx11k:test/unknown_1245.png,shenzhen:CHNCXR_0486_1,1,pending_review,no
shenzhen,tbx11k:test/unknown_1246.png,shenzhen:CHNCXR_0610_1,1,pending_review,no
shenzhen,tbx11k:test/unknown_1250.png,shenzhen:CHNCXR_0622_1,1,pending_review,no
shenzhen,tbx11k:test/unknown_1260.png,shenzhen:CHNCXR_0501_1,0,pending_review,no
shenzhen,tbx11k:test/unknown_1292.png,shenzhen:CHNCXR_0334_1,0,pending_review,no
shenzhen,tbx11k:test/unknown_1294.png,shenzhen:CHNCXR_0304_0,0,pending_review,no
shenzhen,tbx11k:test/unknown_1325.png,shenzhen:CHNCXR_0340_1,1,pending_review,no
shenzhen,tbx11k:test/unknown_1332.png,shenzhen:CHNCXR_0236_0,0,pending_review,no
shenzhen,tbx11k:test/unknown_1333.png,shenzhen:CHNCXR_0240_0,1,pending_review,no
shenzhen,tbx11k:test/unknown_1336.png,shenzhen:CHNCXR_0048_0,0,pending_review,no
shenzhen,tbx11k:test/unknown_1340.png,shenzhen:CHNCXR_0494_1,0,pending_review,no
shenzhen,tbx11k:test/unknown_1359.png,shenzhen:CHNCXR_0131_0,0,pending_review,no
shenzhen,tbx11k:test/unknown_1382.png,shenzhen:CHNCXR_0608_1,0,pending_review,no
shenzhen,tbx11k:test/unknown_1384.png,shenzhen:CHNCXR_0204_0,1,pending_review,no
shenzhen,tbx11k:test/unknown_1385.png,shenzhen:CHNCXR_0452_1,0,pending_review,no
shenzhen,tbx11k:test/unknown_1386.png,shenzhen:CHNCXR_0490_1,1,pending_review,no
shenzhen,tbx11k:test/unknown_1393.png,shenzhen:CHNCXR_0582_1,0,pending_review,no
shenzhen,tbx11k:test/unknown_1394.png,shenzhen:CHNCXR_0232_0,1,pending_review,no
shenzhen,tbx11k:test/unknown_1407.png,shenzhen:CHNCXR_0472_1,0,pending_review,no
shenzhen,tbx11k:test/unknown_1410.png,shenzhen:CHNCXR_0282_0,0,pending_review,no
shenzhen,tbx11k:test/unknown_142.png,shenzhen:CHNCXR_0503_1,1,pending_review,no
shenzhen,tbx11k:test/unknown_1431.png,shenzhen:CHNCXR_0653_1,1,pending_review,no
shenzhen,tbx11k:test/unknown_1432.png,shenzhen:CHNCXR_0129_0,1,pending_review,no
shenzhen,tbx11k:test/unknown_1460.png,shenzhen:CHNCXR_0241_0,1,pending_review,no
shenzhen,tbx11k:test/unknown_1464.png,shenzhen:CHNCXR_0435_1,2,pending_review,no
shenzhen,tbx11k:test/unknown_1467.png,shenzhen:CHNCXR_0585_1,1,pending_review,no
shenzhen,tbx11k:test/unknown_1476.png,shenzhen:CHNCXR_0511_1,2,pending_review,no
shenzhen,tbx11k:test/unknown_1498.png,shenzhen:CHNCXR_0344_1,0,pending_review,no
shenzhen,tbx11k:test/unknown_1511.png,shenzhen:CHNCXR_0417_1,0,pending_review,no
shenzhen,tbx11k:test/unknown_1513.png,shenzhen:CHNCXR_0448_1,0,pending_review,no
shenzhen,tbx11k:test/unknown_1521.png,shenzhen:CHNCXR_0499_1,0,pending_review,no
shenzhen,tbx11k:test/unknown_153.png,shenzhen:CHNCXR_0021_0,0,pending_review,no
shenzhen,tbx11k:test/unknown_1531.png,shenzhen:CHNCXR_0297_0,1,pending_review,no
shenzhen,tbx11k:test/unknown_1536.png,shenzhen:CHNCXR_0581_1,1,pending_review,no
shenzhen,tbx11k:test/unknown_1553.png,shenzhen:CHNCXR_0056_0,2,pending_review,no
shenzhen,tbx11k:test/unknown_1565.png,shenzhen:CHNCXR_0544_1,1,pending_review,no
shenzhen,tbx11k:test/unknown_1570.png,shenzhen:CHNCXR_0530_1,3,pending_review,no
shenzhen,tbx11k:test/unknown_1572.png,shenzhen:CHNCXR_0657_1,0,pending_review,no
shenzhen,tbx11k:test/unknown_1581.png,shenzhen:CHNCXR_0322_0,0,pending_review,no
shenzhen,tbx11k:test/unknown_1591.png,shenzhen:CHNCXR_0521_1,0,pending_review,no
shenzhen,tbx11k:test/unknown_1593.png,shenzhen:CHNCXR_0076_0,0,pending_review,no
shenzhen,tbx11k:test/unknown_1598.png,shenzhen:CHNCXR_0155_0,0,pending_review,no
shenzhen,tbx11k:test/unknown_1606.png,shenzhen:CHNCXR_0522_1,0,pending_review,no
shenzhen,tbx11k:test/unknown_1609.png,shenzhen:CHNCXR_0402_1,0,pending_review,no
shenzhen,tbx11k:test/unknown_161.png,shenzhen:CHNCXR_0192_0,0,pending_review,no
shenzhen,tbx11k:test/unknown_1631.png,shenzhen:CHNCXR_0568_1,0,pending_review,no
shenzhen,tbx11k:test/unknown_1633.png,shenzhen:CHNCXR_0198_0,1,pending_review,no
shenzhen,tbx11k:test/unknown_1641.png,shenzhen:CHNCXR_0505_1,0,pending_review,no
shenzhen,tbx11k:test/unknown_1645.png,shenzhen:CHNCXR_0549_1,0,pending_review,no
shenzhen,tbx11k:test/unknown_1646.png,shenzhen:CHNCXR_0576_1,2,pending_review,no
shenzhen,tbx11k:test/unknown_1659.png,shenzhen:CHNCXR_0379_1,0,pending_review,no
shenzhen,tbx11k:test/unknown_1681.png,shenzhen:CHNCXR_0030_0,1,pending_review,no
shenzhen,tbx11k:test/unknown_1700.png,shenzhen:CHNCXR_0228_0,1,pending_review,no
shenzhen,tbx11k:test/unknown_1702.png,shenzhen:CHNCXR_0328_1,0,pending_review,no
shenzhen,tbx11k:test/unknown_1704.png,shenzhen:CHNCXR_0602_1,1,pending_review,no
shenzhen,tbx11k:test/unknown_1718.png,shenzhen:CHNCXR_0640_1,0,pending_review,no
shenzhen,tbx11k:test/unknown_1725.png,shenzhen:CHNCXR_0652_1,0,pending_review,no
shenzhen,tbx11k:test/unknown_1738.png,shenzhen:CHNCXR_0496_1,0,pending_review,no
shenzhen,tbx11k:test/unknown_1740.png,shenzhen:CHNCXR_0440_1,3,pending_review,no
shenzhen,tbx11k:test/unknown_1742.png,shenzhen:CHNCXR_0058_0,1,pending_review,no
shenzhen,tbx11k:test/unknown_1755.png,shenzhen:CHNCXR_0185_0,1,pending_review,no
shenzhen,tbx11k:test/unknown_1763.png,shenzhen:CHNCXR_0202_0,1,pending_review,no
shenzhen,tbx11k:test/unknown_1776.png,shenzhen:CHNCXR_0484_1,0,pending_review,no
shenzhen,tbx11k:test/unknown_1777.png,shenzhen:CHNCXR_0353_1,0,pending_review,no
shenzhen,tbx11k:test/unknown_1786.png,shenzhen:CHNCXR_0223_0,1,pending_review,no
shenzhen,tbx11k:test/unknown_1791.png,shenzhen:CHNCXR_0005_0,1,pending_review,no
shenzhen,tbx11k:test/unknown_1804.png,shenzhen:CHNCXR_0330_1,0,pending_review,no
shenzhen,tbx11k:test/unknown_1806.png,shenzhen:CHNCXR_0660_1,1,pending_review,no
shenzhen,tbx11k:test/unknown_1807.png,shenzhen:CHNCXR_0029_0,0,pending_review,no
shenzhen,tbx11k:test/unknown_1826.png,shenzhen:CHNCXR_0003_0,1,pending_review,no
shenzhen,tbx11k:test/unknown_1834.png,shenzhen:CHNCXR_0451_1,0,pending_review,no
shenzhen,tbx11k:test/unknown_1841.png,shenzhen:CHNCXR_0398_1,1,pending_review,no
shenzhen,tbx11k:test/unknown_1847.png,shenzhen:CHNCXR_0122_0,1,pending_review,no
shenzhen,tbx11k:test/unknown_1851.png,shenzhen:CHNCXR_0037_0,1,pending_review,no
shenzhen,tbx11k:test/unknown_1855.png,shenzhen:CHNCXR_0462_1,0,pending_review,no
shenzhen,tbx11k:test/unknown_1863.png,shenzhen:CHNCXR_0049_0,2,pending_review,no
shenzhen,tbx11k:test/unknown_1869.png,shenzhen:CHNCXR_0420_1,0,pending_review,no
shenzhen,tbx11k:test/unknown_1908.png,shenzhen:CHNCXR_0140_0,2,pending_review,no
shenzhen,tbx11k:test/unknown_1913.png,shenzhen:CHNCXR_0534_1,2,pending_review,no
shenzhen,tbx11k:test/unknown_1922.png,shenzhen:CHNCXR_0277_0,0,pending_review,no
shenzhen,tbx11k:test/unknown_1927.png,shenzhen:CHNCXR_0631_1,0,pending_review,no
shenzhen,tbx11k:test/unknown_1944.png,shenzhen:CHNCXR_0066_0,1,pending_review,no
shenzhen,tbx11k:test/unknown_1953.png,shenzhen:CHNCXR_0524_1,2,pending_review,no
shenzhen,tbx11k:test/unknown_1980.png,shenzhen:CHNCXR_0401_1,2,pending_review,no
shenzhen,tbx11k:test/unknown_1992.png,shenzhen:CHNCXR_0092_0,0,pending_review,no
shenzhen,tbx11k:test/unknown_1995.png,shenzhen:CHNCXR_0251_0,1,pending_review,no
shenzhen,tbx11k:test/unknown_1997.png,shenzhen:CHNCXR_0279_0,1,pending_review,no
shenzhen,tbx11k:test/unknown_20.png,shenzhen:CHNCXR_0295_0,0,pending_review,no
shenzhen,tbx11k:test/unknown_2015.png,shenzhen:CHNCXR_0662_1,2,pending_review,no
shenzhen,tbx11k:test/unknown_2028.png,shenzhen:CHNCXR_0094_0,0,pending_review,no
shenzhen,tbx11k:test/unknown_2037.png,shenzhen:CHNCXR_0350_1,0,pending_review,no
shenzhen,tbx11k:test/unknown_2045.png,shenzhen:CHNCXR_0203_0,1,pending_review,no
shenzhen,tbx11k:test/unknown_2061.png,shenzhen:CHNCXR_0648_1,1,pending_review,no
shenzhen,tbx11k:test/unknown_2062.png,shenzhen:CHNCXR_0405_1,2,pending_review,no
shenzhen,tbx11k:test/unknown_2086.png,shenzhen:CHNCXR_0239_0,1,pending_review,no
shenzhen,tbx11k:test/unknown_2095.png,shenzhen:CHNCXR_0362_1,0,pending_review,no
shenzhen,tbx11k:test/unknown_2096.png,shenzhen:CHNCXR_0570_1,0,pending_review,no
shenzhen,tbx11k:test/unknown_2106.png,shenzhen:CHNCXR_0086_0,0,pending_review,no
shenzhen,tbx11k:test/unknown_2118.png,shenzhen:CHNCXR_0220_0,0,pending_review,no
shenzhen,tbx11k:test/unknown_2121.png,shenzhen:CHNCXR_0287_0,0,pending_review,no
shenzhen,tbx11k:test/unknown_2123.png,shenzhen:CHNCXR_0386_1,1,pending_review,no
shenzhen,tbx11k:test/unknown_2154.png,shenzhen:CHNCXR_0187_0,1,pending_review,no
shenzhen,tbx11k:test/unknown_2172.png,shenzhen:CHNCXR_0172_0,2,pending_review,no
shenzhen,tbx11k:test/unknown_2203.png,shenzhen:CHNCXR_0309_0,0,pending_review,no
shenzhen,tbx11k:test/unknown_222.png,shenzhen:CHNCXR_0661_1,1,pending_review,no
shenzhen,tbx11k:test/unknown_2265.png,shenzhen:CHNCXR_0190_0,1,pending_review,no
shenzhen,tbx11k:test/unknown_2279.png,shenzhen:CHNCXR_0042_0,0,pending_review,no
shenzhen,tbx11k:test/unknown_2302.png,shenzhen:CHNCXR_0600_1,0,pending_review,no
shenzhen,tbx11k:test/unknown_2304.png,shenzhen:CHNCXR_0348_1,0,pending_review,no
shenzhen,tbx11k:test/unknown_2306.png,shenzhen:CHNCXR_0149_0,4,pending_review,no
shenzhen,tbx11k:test/unknown_2307.png,shenzhen:CHNCXR_0633_1,0,pending_review,no
shenzhen,tbx11k:test/unknown_2308.png,shenzhen:CHNCXR_0338_1,0,pending_review,no
shenzhen,tbx11k:test/unknown_2324.png,shenzhen:CHNCXR_0222_0,1,pending_review,no
shenzhen,tbx11k:test/unknown_233.png,shenzhen:CHNCXR_0603_1,3,pending_review,no
shenzhen,tbx11k:test/unknown_2334.png,shenzhen:CHNCXR_0526_1,1,pending_review,no
shenzhen,tbx11k:test/unknown_2340.png,shenzhen:CHNCXR_0214_0,0,pending_review,no
shenzhen,tbx11k:test/unknown_235.png,shenzhen:CHNCXR_0458_1,1,pending_review,no
shenzhen,tbx11k:test/unknown_2352.png,shenzhen:CHNCXR_0413_1,3,pending_review,no
shenzhen,tbx11k:test/unknown_2380.png,shenzhen:CHNCXR_0134_0,1,pending_review,no
shenzhen,tbx11k:test/unknown_2381.png,shenzhen:CHNCXR_0554_1,0,pending_review,no
shenzhen,tbx11k:test/unknown_2386.png,shenzhen:CHNCXR_0160_0,0,pending_review,no
shenzhen,tbx11k:test/unknown_2388.png,shenzhen:CHNCXR_0382_1,0,pending_review,no
shenzhen,tbx11k:test/unknown_2402.png,shenzhen:CHNCXR_0650_1,1,pending_review,no
shenzhen,tbx11k:test/unknown_241.png,shenzhen:CHNCXR_0176_0,1,pending_review,no
shenzhen,tbx11k:test/unknown_2426.png,shenzhen:CHNCXR_0400_1,1,pending_review,no
shenzhen,tbx11k:test/unknown_2430.png,shenzhen:CHNCXR_0242_0,1,pending_review,no
shenzhen,tbx11k:test/unknown_2432.png,shenzhen:CHNCXR_0559_1,1,pending_review,no
shenzhen,tbx11k:test/unknown_2433.png,shenzhen:CHNCXR_0389_1,2,pending_review,no
shenzhen,tbx11k:test/unknown_2463.png,shenzhen:CHNCXR_0455_1,3,pending_review,no
shenzhen,tbx11k:test/unknown_2465.png,shenzhen:CHNCXR_0561_1,0,pending_review,no
shenzhen,tbx11k:test/unknown_250.png,shenzhen:CHNCXR_0312_0,0,pending_review,no
shenzhen,tbx11k:test/unknown_2506.png,shenzhen:CHNCXR_0478_1,1,pending_review,no
shenzhen,tbx11k:test/unknown_2509.png,shenzhen:CHNCXR_0247_0,0,pending_review,no
shenzhen,tbx11k:test/unknown_2512.png,shenzhen:CHNCXR_0014_0,0,pending_review,no
shenzhen,tbx11k:test/unknown_2518.png,shenzhen:CHNCXR_0306_0,1,pending_review,no
shenzhen,tbx11k:test/unknown_2522.png,shenzhen:CHNCXR_0415_1,1,pending_review,no
shenzhen,tbx11k:test/unknown_2533.png,shenzhen:CHNCXR_0227_0,1,pending_review,no
shenzhen,tbx11k:test/unknown_254.png,shenzhen:CHNCXR_0368_1,0,pending_review,no
shenzhen,tbx11k:test/unknown_2555.png,shenzhen:CHNCXR_0196_0,3,pending_review,no
shenzhen,tbx11k:test/unknown_2557.png,shenzhen:CHNCXR_0284_0,0,pending_review,no
shenzhen,tbx11k:test/unknown_2559.png,shenzhen:CHNCXR_0260_0,1,pending_review,no
shenzhen,tbx11k:test/unknown_2564.png,shenzhen:CHNCXR_0337_1,0,pending_review,no
shenzhen,tbx11k:test/unknown_2566.png,shenzhen:CHNCXR_0394_1,0,pending_review,no
shenzhen,tbx11k:test/unknown_2584.png,shenzhen:CHNCXR_0067_0,2,pending_review,no
shenzhen,tbx11k:test/unknown_259.png,shenzhen:CHNCXR_0039_0,2,pending_review,no
shenzhen,tbx11k:test/unknown_2595.png,shenzhen:CHNCXR_0509_1,1,pending_review,no
shenzhen,tbx11k:test/unknown_2597.png,shenzhen:CHNCXR_0169_0,0,pending_review,no
shenzhen,tbx11k:test/unknown_261.png,shenzhen:CHNCXR_0114_0,1,pending_review,no
shenzhen,tbx11k:test/unknown_2619.png,shenzhen:CHNCXR_0072_0,0,pending_review,no
shenzhen,tbx11k:test/unknown_2622.png,shenzhen:CHNCXR_0531_1,1,pending_review,no
shenzhen,tbx11k:test/unknown_2624.png,shenzhen:CHNCXR_0377_1,0,pending_review,no
shenzhen,tbx11k:test/unknown_2632.png,shenzhen:CHNCXR_0360_1,2,pending_review,no
shenzhen,tbx11k:test/unknown_2647.png,shenzhen:CHNCXR_0116_0,0,pending_review,no
shenzhen,tbx11k:test/unknown_2648.png,shenzhen:CHNCXR_0148_0,1,pending_review,no
shenzhen,tbx11k:test/unknown_2652.png,shenzhen:CHNCXR_0512_1,0,pending_review,no
shenzhen,tbx11k:test/unknown_2654.png,shenzhen:CHNCXR_0105_0,0,pending_review,no
shenzhen,tbx11k:test/unknown_266.png,shenzhen:CHNCXR_0595_1,0,pending_review,no
shenzhen,tbx11k:test/unknown_267.png,shenzhen:CHNCXR_0457_1,2,pending_review,no
shenzhen,tbx11k:test/unknown_2683.png,shenzhen:CHNCXR_0044_0,0,pending_review,no
shenzhen,tbx11k:test/unknown_2687.png,shenzhen:CHNCXR_0556_1,0,pending_review,no
shenzhen,tbx11k:test/unknown_2697.png,shenzhen:CHNCXR_0601_1,0,pending_review,no
shenzhen,tbx11k:test/unknown_2706.png,shenzhen:CHNCXR_0278_0,2,pending_review,no
shenzhen,tbx11k:test/unknown_2715.png,shenzhen:CHNCXR_0100_0,3,pending_review,no
shenzhen,tbx11k:test/unknown_2738.png,shenzhen:CHNCXR_0480_1,0,pending_review,no
shenzhen,tbx11k:test/unknown_2749.png,shenzhen:CHNCXR_0292_0,0,pending_review,no
shenzhen,tbx11k:test/unknown_2750.png,shenzhen:CHNCXR_0112_0,1,pending_review,no
shenzhen,tbx11k:test/unknown_2764.png,shenzhen:CHNCXR_0299_0,0,pending_review,no
shenzhen,tbx11k:test/unknown_2771.png,shenzhen:CHNCXR_0553_1,1,pending_review,no
shenzhen,tbx11k:test/unknown_2775.png,shenzhen:CHNCXR_0015_0,0,pending_review,no
shenzhen,tbx11k:test/unknown_2789.png,shenzhen:CHNCXR_0318_0,1,pending_review,no
shenzhen,tbx11k:test/unknown_280.png,shenzhen:CHNCXR_0266_0,1,pending_review,no
shenzhen,tbx11k:test/unknown_2803.png,shenzhen:CHNCXR_0151_0,0,pending_review,no
shenzhen,tbx11k:test/unknown_2837.png,shenzhen:CHNCXR_0111_0,0,pending_review,no
shenzhen,tbx11k:test/unknown_2840.png,shenzhen:CHNCXR_0133_0,1,pending_review,no
shenzhen,tbx11k:test/unknown_2845.png,shenzhen:CHNCXR_0218_0,0,pending_review,no
shenzhen,tbx11k:test/unknown_2853.png,shenzhen:CHNCXR_0574_1,1,pending_review,no
shenzhen,tbx11k:test/unknown_2864.png,shenzhen:CHNCXR_0216_0,2,pending_review,no
shenzhen,tbx11k:test/unknown_2871.png,shenzhen:CHNCXR_0387_1,4,pending_review,no
shenzhen,tbx11k:test/unknown_2886.png,shenzhen:CHNCXR_0569_1,0,pending_review,no
shenzhen,tbx11k:test/unknown_2889.png,shenzhen:CHNCXR_0283_0,2,pending_review,no
shenzhen,tbx11k:test/unknown_2894.png,shenzhen:CHNCXR_0264_0,1,pending_review,no
shenzhen,tbx11k:test/unknown_2904.png,shenzhen:CHNCXR_0393_1,1,pending_review,no
shenzhen,tbx11k:test/unknown_2907.png,shenzhen:CHNCXR_0365_1,0,pending_review,no
shenzhen,tbx11k:test/unknown_2924.png,shenzhen:CHNCXR_0539_1,2,pending_review,no
shenzhen,tbx11k:test/unknown_2925.png,shenzhen:CHNCXR_0611_1,0,pending_review,no
shenzhen,tbx11k:test/unknown_2926.png,shenzhen:CHNCXR_0161_0,2,pending_review,no
shenzhen,tbx11k:test/unknown_2940.png,shenzhen:CHNCXR_0259_0,1,pending_review,no
shenzhen,tbx11k:test/unknown_296.png,shenzhen:CHNCXR_0104_0,2,pending_review,no
shenzhen,tbx11k:test/unknown_2964.png,shenzhen:CHNCXR_0468_1,0,pending_review,no
shenzhen,tbx11k:test/unknown_2973.png,shenzhen:CHNCXR_0124_0,1,pending_review,no
shenzhen,tbx11k:test/unknown_2979.png,shenzhen:CHNCXR_0489_1,2,pending_review,no
shenzhen,tbx11k:test/unknown_298.png,shenzhen:CHNCXR_0178_0,1,pending_review,no
shenzhen,tbx11k:test/unknown_2988.png,shenzhen:CHNCXR_0320_0,1,pending_review,no
shenzhen,tbx11k:test/unknown_2989.png,shenzhen:CHNCXR_0651_1,2,pending_review,no
shenzhen,tbx11k:test/unknown_2993.png,shenzhen:CHNCXR_0077_0,1,pending_review,no
shenzhen,tbx11k:test/unknown_3.png,shenzhen:CHNCXR_0298_0,1,pending_review,no
shenzhen,tbx11k:test/unknown_3012.png,shenzhen:CHNCXR_0152_0,0,pending_review,no
shenzhen,tbx11k:test/unknown_3023.png,shenzhen:CHNCXR_0364_1,0,pending_review,no
shenzhen,tbx11k:test/unknown_303.png,shenzhen:CHNCXR_0429_1,1,pending_review,no
shenzhen,tbx11k:test/unknown_3033.png,shenzhen:CHNCXR_0307_0,1,pending_review,no
shenzhen,tbx11k:test/unknown_3034.png,shenzhen:CHNCXR_0639_1,2,pending_review,no
shenzhen,tbx11k:test/unknown_3037.png,shenzhen:CHNCXR_0069_0,1,pending_review,no
shenzhen,tbx11k:test/unknown_3041.png,shenzhen:CHNCXR_0625_1,1,pending_review,no
shenzhen,tbx11k:test/unknown_3046.png,shenzhen:CHNCXR_0210_0,1,pending_review,no
shenzhen,tbx11k:test/unknown_3048.png,shenzhen:CHNCXR_0201_0,0,pending_review,no
shenzhen,tbx11k:test/unknown_3057.png,shenzhen:CHNCXR_0612_1,0,pending_review,no
shenzhen,tbx11k:test/unknown_3068.png,shenzhen:CHNCXR_0366_1,1,pending_review,no
shenzhen,tbx11k:test/unknown_3069.png,shenzhen:CHNCXR_0235_0,0,pending_review,no
shenzhen,tbx11k:test/unknown_308.png,shenzhen:CHNCXR_0285_0,0,pending_review,no
shenzhen,tbx11k:test/unknown_3080.png,shenzhen:CHNCXR_0540_1,0,pending_review,no
shenzhen,tbx11k:test/unknown_3081.png,shenzhen:CHNCXR_0436_1,0,pending_review,no
shenzhen,tbx11k:test/unknown_3100.png,shenzhen:CHNCXR_0563_1,1,pending_review,no
shenzhen,tbx11k:test/unknown_3101.png,shenzhen:CHNCXR_0408_1,0,pending_review,no
shenzhen,tbx11k:test/unknown_3103.png,shenzhen:CHNCXR_0079_0,0,pending_review,no
shenzhen,tbx11k:test/unknown_3109.png,shenzhen:CHNCXR_0395_1,0,pending_review,no
shenzhen,tbx11k:test/unknown_3115.png,shenzhen:CHNCXR_0634_1,0,pending_review,no
shenzhen,tbx11k:test/unknown_3119.png,shenzhen:CHNCXR_0491_1,2,pending_review,no
shenzhen,tbx11k:test/unknown_312.png,shenzhen:CHNCXR_0231_0,1,pending_review,no
shenzhen,tbx11k:test/unknown_3125.png,shenzhen:CHNCXR_0253_0,1,pending_review,no
shenzhen,tbx11k:test/unknown_313.png,shenzhen:CHNCXR_0578_1,0,pending_review,no
shenzhen,tbx11k:test/unknown_3132.png,shenzhen:CHNCXR_0325_0,1,pending_review,no
shenzhen,tbx11k:test/unknown_3141.png,shenzhen:CHNCXR_0300_0,1,pending_review,no
shenzhen,tbx11k:test/unknown_3144.png,shenzhen:CHNCXR_0588_1,1,pending_review,no
shenzhen,tbx11k:test/unknown_3145.png,shenzhen:CHNCXR_0528_1,0,pending_review,no
shenzhen,tbx11k:test/unknown_3155.png,shenzhen:CHNCXR_0310_0,2,pending_review,no
shenzhen,tbx11k:test/unknown_3178.png,shenzhen:CHNCXR_0234_0,1,pending_review,no
shenzhen,tbx11k:test/unknown_3199.png,shenzhen:CHNCXR_0477_1,3,pending_review,no
shenzhen,tbx11k:test/unknown_32.png,shenzhen:CHNCXR_0498_1,1,pending_review,no
shenzhen,tbx11k:test/unknown_320.png,shenzhen:CHNCXR_0123_0,0,pending_review,no
shenzhen,tbx11k:test/unknown_3202.png,shenzhen:CHNCXR_0373_1,1,pending_review,no
shenzhen,tbx11k:test/unknown_3205.png,shenzhen:CHNCXR_0212_0,3,pending_review,no
shenzhen,tbx11k:test/unknown_3214.png,shenzhen:CHNCXR_0649_1,3,pending_review,no
shenzhen,tbx11k:test/unknown_3225.png,shenzhen:CHNCXR_0465_1,4,pending_review,no
shenzhen,tbx11k:test/unknown_323.png,shenzhen:CHNCXR_0418_1,3,pending_review,no
shenzhen,tbx11k:test/unknown_3237.png,shenzhen:CHNCXR_0572_1,0,pending_review,no
shenzhen,tbx11k:test/unknown_3248.png,shenzhen:CHNCXR_0082_0,2,pending_review,no
shenzhen,tbx11k:test/unknown_3259.png,shenzhen:CHNCXR_0063_0,1,pending_review,no
shenzhen,tbx11k:test/unknown_3282.png,shenzhen:CHNCXR_0296_0,0,pending_review,no
shenzhen,tbx11k:test/unknown_3284.png,shenzhen:CHNCXR_0587_1,1,pending_review,no
shenzhen,tbx11k:test/unknown_329.png,shenzhen:CHNCXR_0017_0,1,pending_review,no
shenzhen,tbx11k:test/unknown_3296.png,shenzhen:CHNCXR_0136_0,0,pending_review,no
shenzhen,tbx11k:test/unknown_331.png,shenzhen:CHNCXR_0427_1,0,pending_review,no
shenzhen,tbx11k:test/unknown_334.png,shenzhen:CHNCXR_0047_0,4,pending_review,no
shenzhen,tbx11k:test/unknown_340.png,shenzhen:CHNCXR_0439_1,2,pending_review,no
shenzhen,tbx11k:test/unknown_344.png,shenzhen:CHNCXR_0525_1,0,pending_review,no
shenzhen,tbx11k:test/unknown_355.png,shenzhen:CHNCXR_0001_0,2,pending_review,no
shenzhen,tbx11k:test/unknown_362.png,shenzhen:CHNCXR_0215_0,0,pending_review,no
shenzhen,tbx11k:test/unknown_368.png,shenzhen:CHNCXR_0302_0,0,pending_review,no
shenzhen,tbx11k:test/unknown_37.png,shenzhen:CHNCXR_0599_1,1,pending_review,no
shenzhen,tbx11k:test/unknown_371.png,shenzhen:CHNCXR_0008_0,1,pending_review,no
shenzhen,tbx11k:test/unknown_372.png,shenzhen:CHNCXR_0609_1,2,pending_review,no
shenzhen,tbx11k:test/unknown_376.png,shenzhen:CHNCXR_0028_0,1,pending_review,no
shenzhen,tbx11k:test/unknown_397.png,shenzhen:CHNCXR_0170_0,0,pending_review,no
shenzhen,tbx11k:test/unknown_40.png,shenzhen:CHNCXR_0141_0,1,pending_review,no
shenzhen,tbx11k:test/unknown_411.png,shenzhen:CHNCXR_0453_1,0,pending_review,no
shenzhen,tbx11k:test/unknown_417.png,shenzhen:CHNCXR_0446_1,0,pending_review,no
shenzhen,tbx11k:test/unknown_421.png,shenzhen:CHNCXR_0167_0,0,pending_review,no
shenzhen,tbx11k:test/unknown_431.png,shenzhen:CHNCXR_0447_1,0,pending_review,no
shenzhen,tbx11k:test/unknown_44.png,shenzhen:CHNCXR_0577_1,1,pending_review,no
shenzhen,tbx11k:test/unknown_450.png,shenzhen:CHNCXR_0548_1,0,pending_review,no
shenzhen,tbx11k:test/unknown_454.png,shenzhen:CHNCXR_0384_1,1,pending_review,no
shenzhen,tbx11k:test/unknown_463.png,shenzhen:CHNCXR_0335_1,0,pending_review,no
shenzhen,tbx11k:test/unknown_474.png,shenzhen:CHNCXR_0245_0,0,pending_review,no
shenzhen,tbx11k:test/unknown_489.png,shenzhen:CHNCXR_0145_0,0,pending_review,no
shenzhen,tbx11k:test/unknown_505.png,shenzhen:CHNCXR_0434_1,1,pending_review,no
shenzhen,tbx11k:test/unknown_518.png,shenzhen:CHNCXR_0497_1,0,pending_review,no
shenzhen,tbx11k:test/unknown_521.png,shenzhen:CHNCXR_0171_0,1,pending_review,no
shenzhen,tbx11k:test/unknown_53.png,shenzhen:CHNCXR_0168_0,0,pending_review,no
shenzhen,tbx11k:test/unknown_54.png,shenzhen:CHNCXR_0629_1,1,pending_review,no
shenzhen,tbx11k:test/unknown_562.png,shenzhen:CHNCXR_0153_0,0,pending_review,no
shenzhen,tbx11k:test/unknown_566.png,shenzhen:CHNCXR_0154_0,2,pending_review,no
shenzhen,tbx11k:test/unknown_569.png,shenzhen:CHNCXR_0623_1,2,pending_review,no
shenzhen,tbx11k:test/unknown_577.png,shenzhen:CHNCXR_0483_1,1,pending_review,no
shenzhen,tbx11k:test/unknown_587.png,shenzhen:CHNCXR_0596_1,3,pending_review,no
shenzhen,tbx11k:test/unknown_6.png,shenzhen:CHNCXR_0070_0,2,pending_review,no
shenzhen,tbx11k:test/unknown_606.png,shenzhen:CHNCXR_0102_0,0,pending_review,no
shenzhen,tbx11k:test/unknown_611.png,shenzhen:CHNCXR_0130_0,1,pending_review,no
shenzhen,tbx11k:test/unknown_651.png,shenzhen:CHNCXR_0194_0,0,pending_review,no
shenzhen,tbx11k:test/unknown_679.png,shenzhen:CHNCXR_0594_1,1,pending_review,no
shenzhen,tbx11k:test/unknown_683.png,shenzhen:CHNCXR_0586_1,1,pending_review,no
shenzhen,tbx11k:test/unknown_70.png,shenzhen:CHNCXR_0354_1,0,pending_review,no
shenzhen,tbx11k:test/unknown_701.png,shenzhen:CHNCXR_0286_0,0,pending_review,no
shenzhen,tbx11k:test/unknown_703.png,shenzhen:CHNCXR_0012_0,1,pending_review,no
shenzhen,tbx11k:test/unknown_708.png,shenzhen:CHNCXR_0174_0,0,pending_review,no
shenzhen,tbx11k:test/unknown_714.png,shenzhen:CHNCXR_0290_0,0,pending_review,no
shenzhen,tbx11k:test/unknown_721.png,shenzhen:CHNCXR_0311_0,0,pending_review,no
shenzhen,tbx11k:test/unknown_753.png,shenzhen:CHNCXR_0557_1,0,pending_review,no
shenzhen,tbx11k:test/unknown_756.png,shenzhen:CHNCXR_0584_1,0,pending_review,no
shenzhen,tbx11k:test/unknown_765.png,shenzhen:CHNCXR_0502_1,0,pending_review,no
shenzhen,tbx11k:test/unknown_785.png,shenzhen:CHNCXR_0493_1,0,pending_review,no
shenzhen,tbx11k:test/unknown_80.png,shenzhen:CHNCXR_0120_0,0,pending_review,no
shenzhen,tbx11k:test/unknown_811.png,shenzhen:CHNCXR_0098_0,0,pending_review,no
shenzhen,tbx11k:test/unknown_816.png,shenzhen:CHNCXR_0317_0,1,pending_review,no
shenzhen,tbx11k:test/unknown_829.png,shenzhen:CHNCXR_0054_0,0,pending_review,no
shenzhen,tbx11k:test/unknown_840.png,shenzhen:CHNCXR_0542_1,0,pending_review,no
shenzhen,tbx11k:test/unknown_845.png,shenzhen:CHNCXR_0022_0,0,pending_review,no
shenzhen,tbx11k:test/unknown_846.png,shenzhen:CHNCXR_0189_0,0,pending_review,no
shenzhen,tbx11k:test/unknown_854.png,shenzhen:CHNCXR_0163_0,1,pending_review,no
shenzhen,tbx11k:test/unknown_866.png,shenzhen:CHNCXR_0186_0,0,pending_review,no
shenzhen,tbx11k:test/unknown_870.png,shenzhen:CHNCXR_0459_1,0,pending_review,no
shenzhen,tbx11k:test/unknown_923.png,shenzhen:CHNCXR_0050_0,1,pending_review,no
shenzhen,tbx11k:test/unknown_926.png,shenzhen:CHNCXR_0550_1,0,pending_review,no
shenzhen,tbx11k:test/unknown_928.png,shenzhen:CHNCXR_0424_1,0,pending_review,no
shenzhen,tbx11k:test/unknown_933.png,shenzhen:CHNCXR_0345_1,0,pending_review,no
shenzhen,tbx11k:test/unknown_934.png,shenzhen:CHNCXR_0208_0,0,pending_review,no
shenzhen,tbx11k:test/unknown_95.png,shenzhen:CHNCXR_0255_0,0,pending_review,no
shenzhen,tbx11k:test/unknown_957.png,shenzhen:CHNCXR_0156_0,2,pending_review,no
shenzhen,tbx11k:test/unknown_971.png,shenzhen:CHNCXR_0624_1,0,pending_review,no
shenzhen,tbx11k:test/unknown_972.png,shenzhen:CHNCXR_0565_1,2,pending_review,no
shenzhen,tbx11k:test/unknown_979.png,shenzhen:CHNCXR_0091_0,0,pending_review,no
shenzhen,tbx11k:test/unknown_982.png,shenzhen:CHNCXR_0115_0,1,pending_review,no
shenzhen,tbx11k:test/unknown_984.png,shenzhen:CHNCXR_0090_0,1,pending_review,no
shenzhen,tbx11k:test/unknown_989.png,shenzhen:CHNCXR_0416_1,0,pending_review,no
shenzhen,tbx11k:test/unknown_99.png,shenzhen:CHNCXR_0103_0,0,pending_review,no
montgomery,tbx11k:extra/mc+shenzhen/train/MCUCXR_0004_0.png,montgomery:MCUCXR_0004_0,1,pending_review,no
montgomery,tbx11k:extra/mc+shenzhen/train/MCUCXR_0023_0.png,montgomery:MCUCXR_0023_0,0,pending_review,no
montgomery,tbx11k:extra/mc+shenzhen/train/MCUCXR_0027_0.png,montgomery:MCUCXR_0027_0,0,pending_review,no
montgomery,tbx11k:extra/mc+shenzhen/train/MCUCXR_0028_0.png,montgomery:MCUCXR_0028_0,0,pending_review,no
montgomery,tbx11k:extra/mc+shenzhen/train/MCUCXR_0029_0.png,montgomery:MCUCXR_0029_0,0,pending_review,no
montgomery,tbx11k:extra/mc+shenzhen/train/MCUCXR_0038_0.png,montgomery:MCUCXR_0038_0,0,pending_review,no
montgomery,tbx11k:extra/mc+shenzhen/train/MCUCXR_0041_0.png,montgomery:MCUCXR_0041_0,0,pending_review,no
montgomery,tbx11k:extra/mc+shenzhen/train/MCUCXR_0042_0.png,montgomery:MCUCXR_0042_0,0,pending_review,no
montgomery,tbx11k:extra/mc+shenzhen/train/MCUCXR_0043_0.png,montgomery:MCUCXR_0043_0,1,pending_review,no
montgomery,tbx11k:extra/mc+shenzhen/train/MCUCXR_0044_0.png,montgomery:MCUCXR_0044_0,3,pending_review,no
montgomery,tbx11k:extra/mc+shenzhen/train/MCUCXR_0048_0.png,montgomery:MCUCXR_0048_0,0,pending_review,no
montgomery,tbx11k:extra/mc+shenzhen/train/MCUCXR_0051_0.png,montgomery:MCUCXR_0051_0,0,pending_review,no
montgomery,tbx11k:extra/mc+shenzhen/train/MCUCXR_0055_0.png,montgomery:MCUCXR_0055_0,2,pending_review,no
montgomery,tbx11k:extra/mc+shenzhen/train/MCUCXR_0056_0.png,montgomery:MCUCXR_0056_0,1,pending_review,no
montgomery,tbx11k:extra/mc+shenzhen/train/MCUCXR_0061_0.png,montgomery:MCUCXR_0061_0,0,pending_review,no
montgomery,tbx11k:extra/mc+shenzhen/train/MCUCXR_0063_0.png,montgomery:MCUCXR_0063_0,1,pending_review,no
montgomery,tbx11k:extra/mc+shenzhen/train/MCUCXR_0069_0.png,montgomery:MCUCXR_0069_0,0,pending_review,no
montgomery,tbx11k:extra/mc+shenzhen/train/MCUCXR_0071_0.png,montgomery:MCUCXR_0071_0,1,pending_review,no
montgomery,tbx11k:extra/mc+shenzhen/train/MCUCXR_0074_0.png,montgomery:MCUCXR_0074_0,1,pending_review,no
montgomery,tbx11k:extra/mc+shenzhen/train/MCUCXR_0081_0.png,montgomery:MCUCXR_0081_0,1,pending_review,no
montgomery,tbx11k:extra/mc+shenzhen/train/MCUCXR_0097_0.png,montgomery:MCUCXR_0097_0,1,pending_review,no
montgomery,tbx11k:extra/mc+shenzhen/train/MCUCXR_0099_0.png,montgomery:MCUCXR_0099_0,0,pending_review,no
montgomery,tbx11k:extra/mc+shenzhen/train/MCUCXR_0104_1.png,montgomery:MCUCXR_0104_1,1,pending_review,no
montgomery,tbx11k:extra/mc+shenzhen/train/MCUCXR_0162_1.png,montgomery:MCUCXR_0162_1,0,pending_review,no
montgomery,tbx11k:extra/mc+shenzhen/train/MCUCXR_0173_1.png,montgomery:MCUCXR_0173_1,1,pending_review,no
montgomery,tbx11k:extra/mc+shenzhen/train/MCUCXR_0196_1.png,montgomery:MCUCXR_0196_1,2,pending_review,no
montgomery,tbx11k:extra/mc+shenzhen/train/MCUCXR_0243_1.png,montgomery:MCUCXR_0243_1,0,pending_review,no
montgomery,tbx11k:extra/mc+shenzhen/train/MCUCXR_0275_1.png,montgomery:MCUCXR_0275_1,1,pending_review,no
montgomery,tbx11k:extra/mc+shenzhen/train/MCUCXR_0294_1.png,montgomery:MCUCXR_0294_1,3,pending_review,no
montgomery,tbx11k:extra/mc+shenzhen/train/MCUCXR_0311_1.png,montgomery:MCUCXR_0311_1,1,pending_review,no
montgomery,tbx11k:extra/mc+shenzhen/train/MCUCXR_0338_1.png,montgomery:MCUCXR_0338_1,0,pending_review,no
montgomery,tbx11k:extra/mc+shenzhen/train/MCUCXR_0350_1.png,montgomery:MCUCXR_0350_1,0,pending_review,no
montgomery,tbx11k:extra/mc+shenzhen/train/MCUCXR_0352_1.png,montgomery:MCUCXR_0352_1,1,pending_review,no
montgomery,tbx11k:extra/mc+shenzhen/train/MCUCXR_0369_1.png,montgomery:MCUCXR_0369_1,3,pending_review,no
montgomery,tbx11k:extra/mc+shenzhen/train/MCUCXR_0375_1.png,montgomery:MCUCXR_0375_1,2,pending_review,no
montgomery,tbx11k:extra/mc+shenzhen/train/MCUCXR_0399_1.png,montgomery:MCUCXR_0399_1,6,pending_review,no
montgomery,tbx11k:extra/mc+shenzhen/val/MCUCXR_0006_0.png,montgomery:MCUCXR_0006_0,4,pending_review,no
montgomery,tbx11k:extra/mc+shenzhen/val/MCUCXR_0011_0.png,montgomery:MCUCXR_0011_0,1,pending_review,no
montgomery,tbx11k:extra/mc+shenzhen/val/MCUCXR_0016_0.png,montgomery:MCUCXR_0016_0,0,pending_review,no
montgomery,tbx11k:extra/mc+shenzhen/val/MCUCXR_0019_0.png,montgomery:MCUCXR_0019_0,2,pending_review,no
montgomery,tbx11k:extra/mc+shenzhen/val/MCUCXR_0020_0.png,montgomery:MCUCXR_0020_0,3,pending_review,no
montgomery,tbx11k:extra/mc+shenzhen/val/MCUCXR_0021_0.png,montgomery:MCUCXR_0021_0,0,pending_review,no
montgomery,tbx11k:extra/mc+shenzhen/val/MCUCXR_0022_0.png,montgomery:MCUCXR_0022_0,0,pending_review,no
montgomery,tbx11k:extra/mc+shenzhen/val/MCUCXR_0026_0.png,montgomery:MCUCXR_0026_0,0,pending_review,no
montgomery,tbx11k:extra/mc+shenzhen/val/MCUCXR_0030_0.png,montgomery:MCUCXR_0030_0,0,pending_review,no
montgomery,tbx11k:extra/mc+shenzhen/val/MCUCXR_0035_0.png,montgomery:MCUCXR_0035_0,1,pending_review,no
montgomery,tbx11k:extra/mc+shenzhen/val/MCUCXR_0040_0.png,montgomery:MCUCXR_0040_0,2,pending_review,no
montgomery,tbx11k:extra/mc+shenzhen/val/MCUCXR_0047_0.png,montgomery:MCUCXR_0047_0,0,pending_review,no
montgomery,tbx11k:extra/mc+shenzhen/val/MCUCXR_0053_0.png,montgomery:MCUCXR_0053_0,0,pending_review,no
montgomery,tbx11k:extra/mc+shenzhen/val/MCUCXR_0059_0.png,montgomery:MCUCXR_0059_0,0,pending_review,no
montgomery,tbx11k:extra/mc+shenzhen/val/MCUCXR_0080_0.png,montgomery:MCUCXR_0080_0,1,pending_review,no
montgomery,tbx11k:extra/mc+shenzhen/val/MCUCXR_0083_0.png,montgomery:MCUCXR_0083_0,0,pending_review,no
montgomery,tbx11k:extra/mc+shenzhen/val/MCUCXR_0084_0.png,montgomery:MCUCXR_0084_0,1,pending_review,no
montgomery,tbx11k:extra/mc+shenzhen/val/MCUCXR_0086_0.png,montgomery:MCUCXR_0086_0,1,pending_review,no
montgomery,tbx11k:extra/mc+shenzhen/val/MCUCXR_0101_0.png,montgomery:MCUCXR_0101_0,1,pending_review,no
montgomery,tbx11k:extra/mc+shenzhen/val/MCUCXR_0102_0.png,montgomery:MCUCXR_0102_0,0,pending_review,no
montgomery,tbx11k:extra/mc+shenzhen/val/MCUCXR_0117_1.png,montgomery:MCUCXR_0117_1,1,pending_review,no
montgomery,tbx11k:extra/mc+shenzhen/val/MCUCXR_0141_1.png,montgomery:MCUCXR_0141_1,3,pending_review,no
montgomery,tbx11k:extra/mc+shenzhen/val/MCUCXR_0166_1.png,montgomery:MCUCXR_0166_1,0,pending_review,no
montgomery,tbx11k:extra/mc+shenzhen/val/MCUCXR_0188_1.png,montgomery:MCUCXR_0188_1,1,pending_review,no
montgomery,tbx11k:extra/mc+shenzhen/val/MCUCXR_0194_1.png,montgomery:MCUCXR_0194_1,2,pending_review,no
montgomery,tbx11k:extra/mc+shenzhen/val/MCUCXR_0213_1.png,montgomery:MCUCXR_0213_1,1,pending_review,no
montgomery,tbx11k:extra/mc+shenzhen/val/MCUCXR_0253_1.png,montgomery:MCUCXR_0253_1,0,pending_review,no
montgomery,tbx11k:extra/mc+shenzhen/val/MCUCXR_0254_1.png,montgomery:MCUCXR_0254_1,2,pending_review,no
montgomery,tbx11k:extra/mc+shenzhen/val/MCUCXR_0255_1.png,montgomery:MCUCXR_0255_1,0,pending_review,no
montgomery,tbx11k:extra/mc+shenzhen/val/MCUCXR_0258_1.png,montgomery:MCUCXR_0258_1,3,pending_review,no
montgomery,tbx11k:extra/mc+shenzhen/val/MCUCXR_0282_1.png,montgomery:MCUCXR_0282_1,1,pending_review,no
montgomery,tbx11k:extra/mc+shenzhen/val/MCUCXR_0316_1.png,montgomery:MCUCXR_0316_1,2,pending_review,no
montgomery,tbx11k:extra/mc+shenzhen/val/MCUCXR_0331_1.png,montgomery:MCUCXR_0331_1,0,pending_review,no
montgomery,tbx11k:extra/mc+shenzhen/val/MCUCXR_0354_1.png,montgomery:MCUCXR_0354_1,0,pending_review,no
montgomery,tbx11k:extra/mc+shenzhen/val/MCUCXR_0362_1.png,montgomery:MCUCXR_0362_1,0,pending_review,no
montgomery,tbx11k:extra/mc+shenzhen/val/MCUCXR_0367_1.png,montgomery:MCUCXR_0367_1,2,pending_review,no
montgomery,tbx11k:extra/mc+shenzhen/val/MCUCXR_0390_1.png,montgomery:MCUCXR_0390_1,0,pending_review,no
montgomery,tbx11k:test/unknown_1026.png,montgomery:MCUCXR_0372_1,2,pending_review,no
montgomery,tbx11k:test/unknown_1048.png,montgomery:MCUCXR_0103_0,1,pending_review,no
montgomery,tbx11k:test/unknown_1144.png,montgomery:MCUCXR_0079_0,0,pending_review,no
montgomery,tbx11k:test/unknown_1148.png,montgomery:MCUCXR_0075_0,0,pending_review,no
montgomery,tbx11k:test/unknown_1161.png,montgomery:MCUCXR_0001_0,1,pending_review,no
montgomery,tbx11k:test/unknown_1206.png,montgomery:MCUCXR_0068_0,4,pending_review,no
montgomery,tbx11k:test/unknown_1209.png,montgomery:MCUCXR_0091_0,0,pending_review,no
montgomery,tbx11k:test/unknown_134.png,montgomery:MCUCXR_0045_0,0,pending_review,no
montgomery,tbx11k:test/unknown_1377.png,montgomery:MCUCXR_0170_1,2,pending_review,no
montgomery,tbx11k:test/unknown_1457.png,montgomery:MCUCXR_0223_1,1,pending_review,no
montgomery,tbx11k:test/unknown_1465.png,montgomery:MCUCXR_0089_0,2,pending_review,no
montgomery,tbx11k:test/unknown_1495.png,montgomery:MCUCXR_0046_0,0,pending_review,no
montgomery,tbx11k:test/unknown_1537.png,montgomery:MCUCXR_0002_0,1,pending_review,no
montgomery,tbx11k:test/unknown_1564.png,montgomery:MCUCXR_0049_0,1,pending_review,no
montgomery,tbx11k:test/unknown_1596.png,montgomery:MCUCXR_0031_0,0,pending_review,no
montgomery,tbx11k:test/unknown_16.png,montgomery:MCUCXR_0024_0,4,pending_review,no
montgomery,tbx11k:test/unknown_1612.png,montgomery:MCUCXR_0057_0,2,pending_review,no
montgomery,tbx11k:test/unknown_1652.png,montgomery:MCUCXR_0013_0,1,pending_review,no
montgomery,tbx11k:test/unknown_1736.png,montgomery:MCUCXR_0017_0,3,pending_review,no
montgomery,tbx11k:test/unknown_1743.png,montgomery:MCUCXR_0203_1,0,pending_review,no
montgomery,tbx11k:test/unknown_1770.png,montgomery:MCUCXR_0108_1,0,pending_review,no
montgomery,tbx11k:test/unknown_1801.png,montgomery:MCUCXR_0142_1,0,pending_review,no
montgomery,tbx11k:test/unknown_1843.png,montgomery:MCUCXR_0095_0,0,pending_review,no
montgomery,tbx11k:test/unknown_1858.png,montgomery:MCUCXR_0062_0,1,pending_review,no
montgomery,tbx11k:test/unknown_1900.png,montgomery:MCUCXR_0140_1,1,pending_review,no
montgomery,tbx11k:test/unknown_1924.png,montgomery:MCUCXR_0096_0,2,pending_review,no
montgomery,tbx11k:test/unknown_1930.png,montgomery:MCUCXR_0092_0,3,pending_review,no
montgomery,tbx11k:test/unknown_1937.png,montgomery:MCUCXR_0003_0,2,pending_review,no
montgomery,tbx11k:test/unknown_1942.png,montgomery:MCUCXR_0015_0,2,pending_review,no
montgomery,tbx11k:test/unknown_1978.png,montgomery:MCUCXR_0085_0,1,pending_review,no
montgomery,tbx11k:test/unknown_2011.png,montgomery:MCUCXR_0058_0,1,pending_review,no
montgomery,tbx11k:test/unknown_2059.png,montgomery:MCUCXR_0383_1,2,pending_review,no
montgomery,tbx11k:test/unknown_2107.png,montgomery:MCUCXR_0072_0,3,pending_review,no
montgomery,tbx11k:test/unknown_2387.png,montgomery:MCUCXR_0087_0,0,pending_review,no
montgomery,tbx11k:test/unknown_2389.png,montgomery:MCUCXR_0195_1,0,pending_review,no
montgomery,tbx11k:test/unknown_2466.png,montgomery:MCUCXR_0070_0,1,pending_review,no
montgomery,tbx11k:test/unknown_256.png,montgomery:MCUCXR_0100_0,2,pending_review,no
montgomery,tbx11k:test/unknown_2722.png,montgomery:MCUCXR_0082_0,0,pending_review,no
montgomery,tbx11k:test/unknown_2751.png,montgomery:MCUCXR_0182_1,2,pending_review,no
montgomery,tbx11k:test/unknown_2760.png,montgomery:MCUCXR_0052_0,2,pending_review,no
montgomery,tbx11k:test/unknown_2769.png,montgomery:MCUCXR_0144_1,1,pending_review,no
montgomery,tbx11k:test/unknown_2791.png,montgomery:MCUCXR_0309_1,0,pending_review,no
montgomery,tbx11k:test/unknown_2836.png,montgomery:MCUCXR_0008_0,2,pending_review,no
montgomery,tbx11k:test/unknown_2916.png,montgomery:MCUCXR_0150_1,4,pending_review,no
montgomery,tbx11k:test/unknown_2927.png,montgomery:MCUCXR_0060_0,0,pending_review,no
montgomery,tbx11k:test/unknown_2951.png,montgomery:MCUCXR_0094_0,6,pending_review,no
montgomery,tbx11k:test/unknown_306.png,montgomery:MCUCXR_0393_1,0,pending_review,no
montgomery,tbx11k:test/unknown_3118.png,montgomery:MCUCXR_0090_0,0,pending_review,no
montgomery,tbx11k:test/unknown_3142.png,montgomery:MCUCXR_0264_1,7,pending_review,no
montgomery,tbx11k:test/unknown_3159.png,montgomery:MCUCXR_0348_1,0,pending_review,no
montgomery,tbx11k:test/unknown_3181.png,montgomery:MCUCXR_0251_1,0,pending_review,no
montgomery,tbx11k:test/unknown_3215.png,montgomery:MCUCXR_0289_1,0,pending_review,no
montgomery,tbx11k:test/unknown_345.png,montgomery:MCUCXR_0218_1,1,pending_review,no
montgomery,tbx11k:test/unknown_349.png,montgomery:MCUCXR_0005_0,1,pending_review,no
montgomery,tbx11k:test/unknown_487.png,montgomery:MCUCXR_0334_1,0,pending_review,no
montgomery,tbx11k:test/unknown_51.png,montgomery:MCUCXR_0113_1,2,pending_review,no
montgomery,tbx11k:test/unknown_550.png,montgomery:MCUCXR_0313_1,3,pending_review,no
montgomery,tbx11k:test/unknown_640.png,montgomery:MCUCXR_0077_0,0,pending_review,no
montgomery,tbx11k:test/unknown_645.png,montgomery:MCUCXR_0228_1,0,pending_review,no
montgomery,tbx11k:test/unknown_734.png,montgomery:MCUCXR_0387_1,1,pending_review,no
montgomery,tbx11k:test/unknown_789.png,montgomery:MCUCXR_0301_1,1,pending_review,no
montgomery,tbx11k:test/unknown_908.png,montgomery:MCUCXR_0054_0,3,pending_review,no
montgomery,tbx11k:test/unknown_917.png,montgomery:MCUCXR_0126_1,1,pending_review,no
montgomery,tbx11k:test/unknown_94.png,montgomery:MCUCXR_0064_0,1,pending_review,no
montgomery,tbx11k:test/unknown_943.png,montgomery:MCUCXR_0266_1,3,pending_review,no
