dataset,dhash_distance,external_sample_id,tbx_sample_id
shenzhen,0,shenzhen:CHNCXR_0004_0,tbx11k:extra/mc+shenzhen/train/CHNCXR_0004_0.png
shenzhen,1,shenzhen:CHNCXR_0010_0,tbx11k:extra/mc+shenzhen/train/CHNCXR_0010_0.png
shenzhen,0,shenzhen:CHNCXR_0011_0,tbx11k:extra/mc+shenzhen/train/CHNCXR_0011_0.png
shenzhen,0,shenzhen:CHNCXR_0019_0,tbx11k:extra/mc+shenzhen/train/CHNCXR_0019_0.png
shenzhen,1,shenzhen:CHNCXR_0020_0,tbx11k:extra/mc+shenzhen/train/CHNCXR_0020_0.png
shenzhen,0,shenzhen:CHNCXR_0025_0,tbx11k:extra/mc+shenzhen/train/CHNCXR_0025_0.png
shenzhen,1,shenzhen:CHNCXR_0026_0,tbx11k:extra/mc+shenzhen/train/CHNCXR_0026_0.png
shenzhen,1,shenzhen:CHNCXR_0033_0,tbx11k:extra/mc+shenzhen/train/CHNCXR_0033_0.png
shenzhen,4,shenzhen:CHNCXR_0034_0,tbx11k:extra/mc+shenzhen/train/CHNCXR_0034_0.png
shenzhen,2,shenzhen:CHNCXR_0038_0,tbx11k:extra/mc+shenzhen/train/CHNCXR_0038_0.png
shenzhen,2,shenzhen:CHNCXR_0041_0,tbx11k:extra/mc+shenzhen/train/CHNCXR_0041_0.png
shenzhen,1,shenzhen:CHNCXR_0043_0,tbx11k:extra/mc+shenzhen/train/CHNCXR_0043_0.png
shenzhen,0,shenzhen:CHNCXR_0052_0,tbx11k:extra/mc+shenzhen/train/CHNCXR_0052_0.png
shenzhen,0,shenzhen:CHNCXR_0053_0,tbx11k:extra/mc+shenzhen/train/CHNCXR_0053_0.png
shenzhen,0,shenzhen:CHNCXR_0055_0,tbx11k:extra/mc+shenzhen/train/CHNCXR_0055_0.png
shenzhen,0,shenzhen:CHNCXR_0057_0,tbx11k:extra/mc+shenzhen/train/CHNCXR_0057_0.png
shenzhen,2,shenzhen:CHNCXR_0059_0,tbx11k:extra/mc+shenzhen/train/CHNCXR_0059_0.png
shenzhen,0,shenzhen:CHNCXR_0060_0,tbx11k:extra/mc+shenzhen/train/CHNCXR_0060_0.png
shenzhen,1,shenzhen:CHNCXR_0062_0,tbx11k:extra/mc+shenzhen/train/CHNCXR_0062_0.png
shenzhen,0,shenzhen:CHNCXR_0064_0,tbx11k:extra/mc+shenzhen/train/CHNCXR_0064_0.png
shenzhen,0,shenzhen:CHNCXR_0068_0,tbx11k:extra/mc+shenzhen/train/CHNCXR_0068_0.png
shenzhen,2,shenzhen:CHNCXR_0075_0,tbx11k:extra/mc+shenzhen/train/CHNCXR_0075_0.png
shenzhen,1,shenzhen:CHNCXR_0085_0,tbx11k:extra/mc+shenzhen/train/CHNCXR_0085_0.png
shenzhen,1,shenzhen:CHNCXR_0089_0,tbx11k:extra/mc+shenzhen/train/CHNCXR_0089_0.png
shenzhen,0,shenzhen:CHNCXR_0095_0,tbx11k:extra/mc+shenzhen/train/CHNCXR_0095_0.png
shenzhen,0,shenzhen:CHNCXR_0099_0,tbx11k:extra/mc+shenzhen/train/CHNCXR_0099_0.png
shenzhen,1,shenzhen:CHNCXR_0110_0,tbx11k:extra/mc+shenzhen/train/CHNCXR_0110_0.png
shenzhen,3,shenzhen:CHNCXR_0113_0,tbx11k:extra/mc+shenzhen/train/CHNCXR_0113_0.png
shenzhen,4,shenzhen:CHNCXR_0127_0,tbx11k:extra/mc+shenzhen/train/CHNCXR_0127_0.png
shenzhen,2,shenzhen:CHNCXR_0128_0,tbx11k:extra/mc+shenzhen/train/CHNCXR_0128_0.png
shenzhen,1,shenzhen:CHNCXR_0132_0,tbx11k:extra/mc+shenzhen/train/CHNCXR_0132_0.png
shenzhen,1,shenzhen:CHNCXR_0135_0,tbx11k:extra/mc+shenzhen/train/CHNCXR_0135_0.png
shenzhen,1,shenzhen:CHNCXR_0137_0,tbx11k:extra/mc+shenzhen/train/CHNCXR_0137_0.png
shenzhen,1,shenzhen:CHNCXR_0138_0,tbx11k:extra/mc+shenzhen/train/CHNCXR_0138_0.png
shenzhen,0,shenzhen:CHNCXR_0144_0,tbx11k:extra/mc+shenzhen/train/CHNCXR_0144_0.png
shenzhen,0,shenzhen:CHNCXR_0150_0,tbx11k:extra/mc+shenzhen/train/CHNCXR_0150_0.png
shenzhen,1,shenzhen:CHNCXR_0158_0,tbx11k:extra/mc+shenzhen/train/CHNCXR_0158_0.png
shenzhen,4,shenzhen:CHNCXR_0159_0,tbx11k:extra/mc+shenzhen/train/CHNCXR_0159_0.png
shenzhen,0,shenzhen:CHNCXR_0166_0,tbx11k:extra/mc+shenzhen/train/CHNCXR_0166_0.png
shenzhen,0,shenzhen:CHNCXR_0173_0,tbx11k:extra/mc+shenzhen/train/CHNCXR_0173_0.png
shenzhen,0,shenzhen:CHNCXR_0182_0,tbx11k:extra/mc+shenzhen/train/CHNCXR_0182_0.png
shenzhen,0,shenzhen:CHNCXR_0183_0,tbx11k:extra/mc+shenzhen/train/CHNCXR_0183_0.png
shenzhen,0,shenzhen:CHNCXR_0184_0,tbx11k:extra/mc+shenzhen/train/CHNCXR_0184_0.png
shenzhen,0,shenzhen:CHNCXR_0191_0,tbx11k:extra/mc+shenzhen/train/CHNCXR_0191_0.png
shenzhen,2,shenzhen:CHNCXR_0197_0,tbx11k:extra/mc+shenzhen/train/CHNCXR_0197_0.png
shenzhen,0,shenzhen:CHNCXR_0206_0,tbx11k:extra/mc+shenzhen/train/CHNCXR_0206_0.png
shenzhen,1,shenzhen:CHNCXR_0207_0,tbx11k:extra/mc+shenzhen/train/CHNCXR_0207_0.png
shenzhen,0,shenzhen:CHNCXR_0209_0,tbx11k:extra/mc+shenzhen/train/CHNCXR_0209_0.png
shenzhen,1,shenzhen:CHNCXR_0217_0,tbx11k:extra/mc+shenzhen/train/CHNCXR_0217_0.png
shenzhen,3,shenzhen:CHNCXR_0221_0,tbx11k:extra/mc+shenzhen/train/CHNCXR_0221_0.png
shenzhen,0,shenzhen:CHNCXR_0224_0,tbx11k:extra/mc+shenzhen/train/CHNCXR_0224_0.png
shenzhen,1,shenzhen:CHNCXR_0225_0,tbx11k:extra/mc+shenzhen/train/CHNCXR_0225_0.png
shenzhen,1,shenzhen:CHNCXR_0226_0,tbx11k:extra/mc+shenzhen/train/CHNCXR_0226_0.png
shenzhen,0,shenzhen:CHNCXR_0229_0,tbx11k:extra/mc+shenzhen/train/CHNCXR_0229_0.png
shenzhen,3,shenzhen:CHNCXR_0230_0,tbx11k:extra/mc+shenzhen/train/CHNCXR_0230_0.png
shenzhen,0,shenzhen:CHNCXR_0233_0,tbx11k:extra/mc+shenzhen/train/CHNCXR_0233_0.png
shenzhen,0,shenzhen:CHNCXR_0238_0,tbx11k:extra/mc+shenzhen/train/CHNCXR_0238_0.png
shenzhen,1,shenzhen:CHNCXR_0246_0,tbx11k:extra/mc+shenzhen/train/CHNCXR_0246_0.png
shenzhen,3,shenzhen:CHNCXR_0252_0,tbx11k:extra/mc+shenzhen/train/CHNCXR_0252_0.png
shenzhen,1,shenzhen:CHNCXR_0254_0,tbx11k:extra/mc+shenzhen/train/CHNCXR_0254_0.png
shenzhen,0,shenzhen:CHNCXR_0256_0,tbx11k:extra/mc+shenzhen/train/CHNCXR_0256_0.png
shenzhen,0,shenzhen:CHNCXR_0257_0,tbx11k:extra/mc+shenzhen/train/CHNCXR_0257_0.png
shenzhen,0,shenzhen:CHNCXR_0258_0,tbx11k:extra/mc+shenzhen/train/CHNCXR_0258_0.png
shenzhen,0,shenzhen:CHNCXR_0267_0,tbx11k:extra/mc+shenzhen/train/CHNCXR_0267_0.png
shenzhen,0,shenzhen:CHNCXR_0268_0,tbx11k:extra/mc+shenzhen/train/CHNCXR_0268_0.png
shenzhen,0,shenzhen:CHNCXR_0274_0,tbx11k:extra/mc+shenzhen/train/CHNCXR_0274_0.png
shenzhen,2,shenzhen:CHNCXR_0275_0,tbx11k:extra/mc+shenzhen/train/CHNCXR_0275_0.png
shenzhen,1,shenzhen:CHNCXR_0291_0,tbx11k:extra/mc+shenzhen/train/CHNCXR_0291_0.png
shenzhen,0,shenzhen:CHNCXR_0308_0,tbx11k:extra/mc+shenzhen/train/CHNCXR_0308_0.png
shenzhen,0,shenzhen:CHNCXR_0313_0,tbx11k:extra/mc+shenzhen/train/CHNCXR_0313_0.png
shenzhen,0,shenzhen:CHNCXR_0315_0,tbx11k:extra/mc+shenzhen/train/CHNCXR_0315_0.png
shenzhen,1,shenzhen:CHNCXR_0321_0,tbx11k:extra/mc+shenzhen/train/CHNCXR_0321_0.png
shenzhen,0,shenzhen:CHNCXR_0323_0,tbx11k:extra/mc+shenzhen/train/CHNCXR_0323_0.png
shenzhen,0,shenzhen:CHNCXR_0324_0,tbx11k:extra/mc+shenzhen/train/CHNCXR_0324_0.png
shenzhen,0,shenzhen:CHNCXR_0326_0,tbx11k:extra/mc+shenzhen/train/CHNCXR_0326_0.png
shenzhen,0,shenzhen:CHNCXR_0331_1,tbx11k:extra/mc+shenzhen/train/CHNCXR_0331_1.png
shenzhen,2,shenzhen:CHNCXR_0332_1,tbx11k:extra/mc+shenzhen/train/CHNCXR_0332_1.png
shenzhen,1,shenzhen:CHNCXR_0333_1,tbx11k:extra/mc+shenzhen/train/CHNCXR_0333_1.png
shenzhen,2,shenzhen:CHNCXR_0336_1,tbx11k:extra/mc+shenzhen/train/CHNCXR_0336_1.png
shenzhen,1,shenzhen:CHNCXR_0339_1,tbx11k:extra/mc+shenzhen/train/CHNCXR_0339_1.png
shenzhen,3,shenzhen:CHNCXR_0343_1,tbx11k:extra/mc+shenzhen/train/CHNCXR_0343_1.png
shenzhen,1,shenzhen:CHNCXR_0346_1,tbx11k:extra/mc+shenzhen/train/CHNCXR_0346_1.png
shenzhen,0,shenzhen:CHNCXR_0349_1,tbx11k:extra/mc+shenzhen/train/CHNCXR_0349_1.png
shenzhen,1,shenzhen:CHNCXR_0357_1,tbx11k:extra/mc+shenzhen/train/CHNCXR_0357_1.png
shenzhen,1,shenzhen:CHNCXR_0358_1,tbx11k:extra/mc+shenzhen/train/CHNCXR_0358_1.png
shenzhen,1,shenzhen:CHNCXR_0359_1,tbx11k:extra/mc+shenzhen/train/CHNCXR_0359_1.png
shenzhen,1,shenzhen:CHNCXR_0361_1,tbx11k:extra/mc+shenzhen/train/CHNCXR_0361_1.png
shenzhen,0,shenzhen:CHNCXR_0371_1,tbx11k:extra/mc+shenzhen/train/CHNCXR_0371_1.png
shenzhen,1,shenzhen:CHNCXR_0372_1,tbx11k:extra/mc+shenzhen/train/CHNCXR_0372_1.png
shenzhen,0,shenzhen:CHNCXR_0374_1,tbx11k:extra/mc+shenzhen/train/CHNCXR_0374_1.png
shenzhen,1,shenzhen:CHNCXR_0375_1,tbx11k:extra/mc+shenzhen/train/CHNCXR_0375_1.png
shenzhen,2,shenzhen:CHNCXR_0378_1,tbx11k:extra/mc+shenzhen/train/CHNCXR_0378_1.png
shenzhen,1,shenzhen:CHNCXR_0388_1,tbx11k:extra/mc+shenzhen/train/CHNCXR_0388_1.png
shenzhen,0,shenzhen:CHNCXR_0397_1,tbx11k:extra/mc+shenzhen/train/CHNCXR_0397_1.png
shenzhen,1,shenzhen:CHNCXR_0399_1,tbx11k:extra/mc+shenzhen/train/CHNCXR_0399_1.png
shenzhen,2,shenzhen:CHNCXR_0403_1,tbx11k:extra/mc+shenzhen/train/CHNCXR_0403_1.png
shenzhen,0,shenzhen:CHNCXR_0409_1,tbx11k:extra/mc+shenzhen/train/CHNCXR_0409_1.png
shenzhen,1,shenzhen:CHNCXR_0419_1,tbx11k:extra/mc+shenzhen/train/CHNCXR_0419_1.png
shenzhen,1,shenzhen:CHNCXR_0423_1,tbx11k:extra/mc+shenzhen/train/CHNCXR_0423_1.png
shenzhen,0,shenzhen:CHNCXR_0426_1,tbx11k:extra/mc+shenzhen/train/CHNCXR_0426_1.png
shenzhen,1,shenzhen:CHNCXR_0428_1,tbx11k:extra/mc+shenzhen/train/CHNCXR_0428_1.png
shenzhen,0,shenzhen:CHNCXR_0430_1,tbx11k:extra/mc+shenzhen/train/CHNCXR_0430_1.png
shenzhen,0,shenzhen:CHNCXR_0431_1,tbx11k:extra/mc+shenzhen/train/CHNCXR_0431_1.png
shenzhen,0,shenzhen:CHNCXR_0432_1,tbx11k:extra/mc+shenzhen/train/CHNCXR_0432_1.png
shenzhen,0,shenzhen:CHNCXR_0437_1,tbx11k:extra/mc+shenzhen/train/CHNCXR_0437_1.png
shenzhen,0,shenzhen:CHNCXR_0438_1,tbx11k:extra/mc+shenzhen/train/CHNCXR_0438_1.png
shenzhen,3,shenzhen:CHNCXR_0442_1,tbx11k:extra/mc+shenzhen/train/CHNCXR_0442_1.png
shenzhen,0,shenzhen:CHNCXR_0443_1,tbx11k:extra/mc+shenzhen/train/CHNCXR_0443_1.png
shenzhen,2,shenzhen:CHNCXR_0444_1,tbx11k:extra/mc+shenzhen/train/CHNCXR_0444_1.png
shenzhen,1,shenzhen:CHNCXR_0445_1,tbx11k:extra/mc+shenzhen/train/CHNCXR_0445_1.png
shenzhen,0,shenzhen:CHNCXR_0450_1,tbx11k:extra/mc+shenzhen/train/CHNCXR_0450_1.png
shenzhen,1,shenzhen:CHNCXR_0454_1,tbx11k:extra/mc+shenzhen/train/CHNCXR_0454_1.png
shenzhen,1,shenzhen:CHNCXR_0456_1,tbx11k:extra/mc+shenzhen/train/CHNCXR_0456_1.png
shenzhen,0,shenzhen:CHNCXR_0463_1,tbx11k:extra/mc+shenzhen/train/CHNCXR_0463_1.png
shenzhen,0,shenzhen:CHNCXR_0464_1,tbx11k:extra/mc+shenzhen/train/CHNCXR_0464_1.png
shenzhen,0,shenzhen:CHNCXR_0469_1,tbx11k:extra/mc+shenzhen/train/CHNCXR_0469_1.png
shenzhen,1,shenzhen:CHNCXR_0471_1,tbx11k:extra/mc+shenzhen/train/CHNCXR_0471_1.png
shenzhen,1,shenzhen:CHNCXR_0473_1,tbx11k:extra/mc+shenzhen/train/CHNCXR_0473_1.png
shenzhen,1,shenzhen:CHNCXR_0474_1,tbx11k:extra/mc+shenzhen/train/CHNCXR_0474_1.png
shenzhen,1,shenzhen:CHNCXR_0475_1,tbx11k:extra/mc+shenzhen/train/CHNCXR_0475_1.png
shenzhen,2,shenzhen:CHNCXR_0479_1,tbx11k:extra/mc+shenzhen/train/CHNCXR_0479_1.png
shenzhen,0,shenzhen:CHNCXR_0481_1,tbx11k:extra/mc+shenzhen/train/CHNCXR_0481_1.png
shenzhen,0,shenzhen:CHNCXR_0485_1,tbx11k:extra/mc+shenzhen/train/CHNCXR_0485_1.png
shenzhen,2,shenzhen:CHNCXR_0488_1,tbx11k:extra/mc+shenzhen/train/CHNCXR_0488_1.png
shenzhen,0,shenzhen:CHNCXR_0500_1,tbx11k:extra/mc+shenzhen/train/CHNCXR_0500_1.png
shenzhen,1,shenzhen:CHNCXR_0510_1,tbx11k:extra/mc+shenzhen/train/CHNCXR_0510_1.png
shenzhen,0,shenzhen:CHNCXR_0515_1,tbx11k:extra/mc+shenzhen/train/CHNCXR_0515_1.png
shenzhen,0,shenzhen:CHNCXR_0516_1,tbx11k:extra/mc+shenzhen/train/CHNCXR_0516_1.png
shenzhen,0,shenzhen:CHNCXR_0518_1,tbx11k:extra/mc+shenzhen/train/CHNCXR_0518_1.png
shenzhen,0,shenzhen:CHNCXR_0523_1,tbx11k:extra/mc+shenzhen/train/CHNCXR_0523_1.png
shenzhen,0,shenzhen:CHNCXR_0532_1,tbx11k:extra/mc+shenzhen/train/CHNCXR_0532_1.png
shenzhen,0,shenzhen:CHNCXR_0536_1,tbx11k:extra/mc+shenzhen/train/CHNCXR_0536_1.png
shenzhen,0,shenzhen:CHNCXR_0545_1,tbx11k:extra/mc+shenzhen/train/CHNCXR_0545_1.png
shenzhen,0,shenzhen:CHNCXR_0546_1,tbx11k:extra/mc+shenzhen/train/CHNCXR_0546_1.png
shenzhen,1,shenzhen:CHNCXR_0547_1,tbx11k:extra/mc+shenzhen/train/CHNCXR_0547_1.png
shenzhen,1,shenzhen:CHNCXR_0552_1,tbx11k:extra/mc+shenzhen/train/CHNCXR_0552_1.png
shenzhen,0,shenzhen:CHNCXR_0555_1,tbx11k:extra/mc+shenzhen/train/CHNCXR_0555_1.png
shenzhen,0,shenzhen:CHNCXR_0562_1,tbx11k:extra/mc+shenzhen/train/CHNCXR_0562_1.png
shenzhen,0,shenzhen:CHNCXR_0564_1,tbx11k:extra/mc+shenzhen/train/CHNCXR_0564_1.png
shenzhen,1,shenzhen:CHNCXR_0575_1,tbx11k:extra/mc+shenzhen/train/CHNCXR_0575_1.png
shenzhen,3,shenzhen:CHNCXR_0579_1,tbx11k:extra/mc+shenzhen/train/CHNCXR_0579_1.png
shenzhen,0,shenzhen:CHNCXR_0580_1,tbx11k:extra/mc+shenzhen/train/CHNCXR_0580_1.png
shenzhen,1,shenzhen:CHNCXR_0589_1,tbx11k:extra/mc+shenzhen/train/CHNCXR_0589_1.png
shenzhen,0,shenzhen:CHNCXR_0593_1,tbx11k:extra/mc+shenzhen/train/CHNCXR_0593_1.png
shenzhen,0,shenzhen:CHNCXR_0597_1,tbx11k:extra/mc+shenzhen/train/CHNCXR_0597_1.png
shenzhen,0,shenzhen:CHNCXR_0598_1,tbx11k:extra/mc+shenzhen/train/CHNCXR_0598_1.png
shenzhen,0,shenzhen:CHNCXR_0604_1,tbx11k:extra/mc+shenzhen/train/CHNCXR_0604_1.png
shenzhen,1,shenzhen:CHNCXR_0605_1,tbx11k:extra/mc+shenzhen/train/CHNCXR_0605_1.png
shenzhen,1,shenzhen:CHNCXR_0606_1,tbx11k:extra/mc+shenzhen/train/CHNCXR_0606_1.png
shenzhen,1,shenzhen:CHNCXR_0607_1,tbx11k:extra/mc+shenzhen/train/CHNCXR_0607_1.png
shenzhen,0,shenzhen:CHNCXR_0614_1,tbx11k:extra/mc+shenzhen/train/CHNCXR_0614_1.png
shenzhen,0,shenzhen:CHNCXR_0615_1,tbx11k:extra/mc+shenzhen/train/CHNCXR_0615_1.png
shenzhen,1,shenzhen:CHNCXR_0618_1,tbx11k:extra/mc+shenzhen/train/CHNCXR_0618_1.png
shenzhen,1,shenzhen:CHNCXR_0619_1,tbx11k:extra/mc+shenzhen/train/CHNCXR_0619_1.png
shenzhen,1,shenzhen:CHNCXR_0626_1,tbx11k:extra/mc+shenzhen/train/CHNCXR_0626_1.png
shenzhen,0,shenzhen:CHNCXR_0632_1,tbx11k:extra/mc+shenzhen/train/CHNCXR_0632_1.png
shenzhen,0,shenzhen:CHNCXR_0635_1,tbx11k:extra/mc+shenzhen/train/CHNCXR_0635_1.png
shenzhen,0,shenzhen:CHNCXR_0636_1,tbx11k:extra/mc+shenzhen/train/CHNCXR_0636_1.png
shenzhen,1,shenzhen:CHNCXR_0637_1,tbx11k:extra/mc+shenzhen/train/CHNCXR_0637_1.png
shenzhen,0,shenzhen:CHNCXR_0638_1,tbx11k:extra/mc+shenzhen/train/CHNCXR_0638_1.png
shenzhen,0,shenzhen:CHNCXR_0642_1,tbx11k:extra/mc+shenzhen/train/CHNCXR_0642_1.png
shenzhen,0,shenzhen:CHNCXR_0645_1,tbx11k:extra/mc+shenzhen/train/CHNCXR_0645_1.png
shenzhen,0,shenzhen:CHNCXR_0646_1,tbx11k:extra/mc+shenzhen/train/CHNCXR_0646_1.png
shenzhen,0,shenzhen:CHNCXR_0654_1,tbx11k:extra/mc+shenzhen/train/CHNCXR_0654_1.png
shenzhen,2,shenzhen:CHNCXR_0002_0,tbx11k:extra/mc+shenzhen/val/CHNCXR_0002_0.png
shenzhen,1,shenzhen:CHNCXR_0007_0,tbx11k:extra/mc+shenzhen/val/CHNCXR_0007_0.png
shenzhen,0,shenzhen:CHNCXR_0009_0,tbx11k:extra/mc+shenzhen/val/CHNCXR_0009_0.png
shenzhen,0,shenzhen:CHNCXR_0013_0,tbx11k:extra/mc+shenzhen/val/CHNCXR_0013_0.png
shenzhen,1,shenzhen:CHNCXR_0016_0,tbx11k:extra/mc+shenzhen/val/CHNCXR_0016_0.png
shenzhen,0,shenzhen:CHNCXR_0018_0,tbx11k:extra/mc+shenzhen/val/CHNCXR_0018_0.png
shenzhen,0,shenzhen:CHNCXR_0023_0,tbx11k:extra/mc+shenzhen/val/CHNCXR_0023_0.png
shenzhen,1,shenzhen:CHNCXR_0024_0,tbx11k:extra/mc+shenzhen/val/CHNCXR_0024_0.png
shenzhen,1,shenzhen:CHNCXR_0027_0,tbx11k:extra/mc+shenzhen/val/CHNCXR_0027_0.png
shenzhen,1,shenzhen:CHNCXR_0031_0,tbx11k:extra/mc+shenzhen/val/CHNCXR_0031_0.png
shenzhen,1,shenzhen:CHNCXR_0032_0,tbx11k:extra/mc+shenzhen/val/CHNCXR_0032_0.png
shenzhen,0,shenzhen:CHNCXR_0035_0,tbx11k:extra/mc+shenzhen/val/CHNCXR_0035_0.png
shenzhen,1,shenzhen:CHNCXR_0036_0,tbx11k:extra/mc+shenzhen/val/CHNCXR_0036_0.png
shenzhen,0,shenzhen:CHNCXR_0040_0,tbx11k:extra/mc+shenzhen/val/CHNCXR_0040_0.png
shenzhen,0,shenzhen:CHNCXR_0045_0,tbx11k:extra/mc+shenzhen/val/CHNCXR_0045_0.png
shenzhen,0,shenzhen:CHNCXR_0046_0,tbx11k:extra/mc+shenzhen/val/CHNCXR_0046_0.png
shenzhen,0,shenzhen:CHNCXR_0051_0,tbx11k:extra/mc+shenzhen/val/CHNCXR_0051_0.png
shenzhen,0,shenzhen:CHNCXR_0061_0,tbx11k:extra/mc+shenzhen/val/CHNCXR_0061_0.png
shenzhen,0,shenzhen:CHNCXR_0065_0,tbx11k:extra/mc+shenzhen/val/CHNCXR_0065_0.png
shenzhen,1,shenzhen:CHNCXR_0071_0,tbx11k:extra/mc+shenzhen/val/CHNCXR_0071_0.png
shenzhen,0,shenzhen:CHNCXR_0073_0,tbx11k:extra/mc+shenzhen/val/CHNCXR_0073_0.png
shenzhen,2,shenzhen:CHNCXR_0074_0,tbx11k:extra/mc+shenzhen/val/CHNCXR_0074_0.png
shenzhen,0,shenzhen:CHNCXR_0078_0,tbx11k:extra/mc+shenzhen/val/CHNCXR_0078_0.png
shenzhen,0,shenzhen:CHNCXR_0080_0,tbx11k:extra/mc+shenzhen/val/CHNCXR_0080_0.png
shenzhen,0,shenzhen:CHNCXR_0081_0,tbx11k:extra/mc+shenzhen/val/CHNCXR_0081_0.png
shenzhen,1,shenzhen:CHNCXR_0083_0,tbx11k:extra/mc+shenzhen/val/CHNCXR_0083_0.png
shenzhen,1,shenzhen:CHNCXR_0084_0,tbx11k:extra/mc+shenzhen/val/CHNCXR_0084_0.png
shenzhen,1,shenzhen:CHNCXR_0087_0,tbx11k:extra/mc+shenzhen/val/CHNCXR_0087_0.png
shenzhen,1,shenzhen:CHNCXR_0093_0,tbx11k:extra/mc+shenzhen/val/CHNCXR_0093_0.png
shenzhen,0,shenzhen:CHNCXR_0096_0,tbx11k:extra/mc+shenzhen/val/CHNCXR_0096_0.png
shenzhen,2,shenzhen:CHNCXR_0097_0,tbx11k:extra/mc+shenzhen/val/CHNCXR_0097_0.png
shenzhen,0,shenzhen:CHNCXR_0101_0,tbx11k:extra/mc+shenzhen/val/CHNCXR_0101_0.png
shenzhen,0,shenzhen:CHNCXR_0106_0,tbx11k:extra/mc+shenzhen/val/CHNCXR_0106_0.png
shenzhen,0,shenzhen:CHNCXR_0107_0,tbx11k:extra/mc+shenzhen/val/CHNCXR_0107_0.png
shenzhen,1,shenzhen:CHNCXR_0108_0,tbx11k:extra/mc+shenzhen/val/CHNCXR_0108_0.png
shenzhen,0,shenzhen:CHNCXR_0109_0,tbx11k:extra/mc+shenzhen/val/CHNCXR_0109_0.png
shenzhen,3,shenzhen:CHNCXR_0117_0,tbx11k:extra/mc+shenzhen/val/CHNCXR_0117_0.png
shenzhen,0,shenzhen:CHNCXR_0118_0,tbx11k:extra/mc+shenzhen/val/CHNCXR_0118_0.png
shenzhen,0,shenzhen:CHNCXR_0119_0,tbx11k:extra/mc+shenzhen/val/CHNCXR_0119_0.png
shenzhen,2,shenzhen:CHNCXR_0121_0,tbx11k:extra/mc+shenzhen/val/CHNCXR_0121_0.png
shenzhen,2,shenzhen:CHNCXR_0125_0,tbx11k:extra/mc+shenzhen/val/CHNCXR_0125_0.png
shenzhen,0,shenzhen:CHNCXR_0126_0,tbx11k:extra/mc+shenzhen/val/CHNCXR_0126_0.png
shenzhen,0,shenzhen:CHNCXR_0139_0,tbx11k:extra/mc+shenzhen/val/CHNCXR_0139_0.png
shenzhen,1,shenzhen:CHNCXR_0142_0,tbx11k:extra/mc+shenzhen/val/CHNCXR_0142_0.png
shenzhen,2,shenzhen:CHNCXR_0143_0,tbx11k:extra/mc+shenzhen/val/CHNCXR_0143_0.png
shenzhen,0,shenzhen:CHNCXR_0162_0,tbx11k:extra/mc+shenzhen/val/CHNCXR_0162_0.png
shenzhen,3,shenzhen:CHNCXR_0164_0,tbx11k:extra/mc+shenzhen/val/CHNCXR_0164_0.png
shenzhen,0,shenzhen:CHNCXR_0175_0,tbx11k:extra/mc+shenzhen/val/CHNCXR_0175_0.png
shenzhen,1,shenzhen:CHNCXR_0177_0,tbx11k:extra/mc+shenzhen/val/CHNCXR_0177_0.png
shenzhen,0,shenzhen:CHNCXR_0179_0,tbx11k:extra/mc+shenzhen/val/CHNCXR_0179_0.png
shenzhen,0,shenzhen:CHNCXR_0181_0,tbx11k:extra/mc+shenzhen/val/CHNCXR_0181_0.png
shenzhen,0,shenzhen:CHNCXR_0188_0,tbx11k:extra/mc+shenzhen/val/CHNCXR_0188_0.png
shenzhen,1,shenzhen:CHNCXR_0193_0,tbx11k:extra/mc+shenzhen/val/CHNCXR_0193_0.png
shenzhen,1,shenzhen:CHNCXR_0199_0,tbx11k:extra/mc+shenzhen/val/CHNCXR_0199_0.png
shenzhen,0,shenzhen:CHNCXR_0200_0,tbx11k:extra/mc+shenzhen/val/CHNCXR_0200_0.png
shenzhen,0,shenzhen:CHNCXR_0205_0,tbx11k:extra/mc+shenzhen/val/CHNCXR_0205_0.png
shenzhen,2,shenzhen:CHNCXR_0211_0,tbx11k:extra/mc+shenzhen/val/CHNCXR_0211_0.png
shenzhen,1,shenzhen:CHNCXR_0213_0,tbx11k:extra/mc+shenzhen/val/CHNCXR_0213_0.png
shenzhen,1,shenzhen:CHNCXR_0219_0,tbx11k:extra/mc+shenzhen/val/CHNCXR_0219_0.png
shenzhen,0,shenzhen:CHNCXR_0237_0,tbx11k:extra/mc+shenzhen/val/CHNCXR_0237_0.png
shenzhen,0,shenzhen:CHNCXR_0243_0,tbx11k:extra/mc+shenzhen/val/CHNCXR_0243_0.png
shenzhen,0,shenzhen:CHNCXR_0244_0,tbx11k:extra/mc+shenzhen/val/CHNCXR_0244_0.png
shenzhen,1,shenzhen:CHNCXR_0249_0,tbx11k:extra/mc+shenzhen/val/CHNCXR_0249_0.png
shenzhen,0,shenzhen:CHNCXR_0250_0,tbx11k:extra/mc+shenzhen/val/CHNCXR_0250_0.png
shenzhen,1,shenzhen:CHNCXR_0261_0,tbx11k:extra/mc+shenzhen/val/CHNCXR_0261_0.png
shenzhen,0,shenzhen:CHNCXR_0262_0,tbx11k:extra/mc+shenzhen/val/CHNCXR_0262_0.png
shenzhen,0,shenzhen:CHNCXR_0263_0,tbx11k:extra/mc+shenzhen/val/CHNCXR_0263_0.png
shenzhen,1,shenzhen:CHNCXR_0265_0,tbx11k:extra/mc+shenzhen/val/CHNCXR_0265_0.png
shenzhen,2,shenzhen:CHNCXR_0269_0,tbx11k:extra/mc+shenzhen/val/CHNCXR_0269_0.png
shenzhen,2,shenzhen:CHNCXR_0270_0,tbx11k:extra/mc+shenzhen/val/CHNCXR_0270_0.png
shenzhen,1,shenzhen:CHNCXR_0271_0,tbx11k:extra/mc+shenzhen/val/CHNCXR_0271_0.png
shenzhen,1,shenzhen:CHNCXR_0272_0,tbx11k:extra/mc+shenzhen/val/CHNCXR_0272_0.png
shenzhen,1,shenzhen:CHNCXR_0276_0,tbx11k:extra/mc+shenzhen/val/CHNCXR_0276_0.png
shenzhen,1,shenzhen:CHNCXR_0280_0,tbx11k:extra/mc+shenzhen/val/CHNCXR_0280_0.png
shenzhen,1,shenzhen:CHNCXR_0281_0,tbx11k:extra/mc+shenzhen/val/CHNCXR_0281_0.png
shenzhen,0,shenzhen:CHNCXR_0288_0,tbx11k:extra/mc+shenzhen/val/CHNCXR_0288_0.png
shenzhen,0,shenzhen:CHNCXR_0289_0,tbx11k:extra/mc+shenzhen/val/CHNCXR_0289_0.png
shenzhen,0,shenzhen:CHNCXR_0293_0,tbx11k:extra/mc+shenzhen/val/CHNCXR_0293_0.png
shenzhen,0,shenzhen:CHNCXR_0294_0,tbx11k:extra/mc+shenzhen/val/CHNCXR_0294_0.png
shenzhen,0,shenzhen:CHNCXR_0301_0,tbx11k:extra/mc+shenzhen/val/CHNCXR_0301_0.png
shenzhen,1,shenzhen:CHNCXR_0303_0,tbx11k:extra/mc+shenzhen/val/CHNCXR_0303_0.png
shenzhen,3,shenzhen:CHNCXR_0305_0,tbx11k:extra/mc+shenzhen/val/CHNCXR_0305_0.png
shenzhen,1,shenzhen:CHNCXR_0314_0,tbx11k:extra/mc+shenzhen/val/CHNCXR_0314_0.png
shenzhen,3,shenzhen:CHNCXR_0316_0,tbx11k:extra/mc+shenzhen/val/CHNCXR_0316_0.png
shenzhen,0,shenzhen:CHNCXR_0319_0,tbx11k:extra/mc+shenzhen/val/CHNCXR_0319_0.png
shenzhen,0,shenzhen:CHNCXR_0327_1,tbx11k:extra/mc+shenzhen/val/CHNCXR_0327_1.png
shenzhen,0,shenzhen:CHNCXR_0329_1,tbx11k:extra/mc+shenzhen/val/CHNCXR_0329_1.png
shenzhen,0,shenzhen:CHNCXR_0341_1,tbx11k:extra/mc+shenzhen/val/CHNCXR_0341_1.png
shenzhen,0,shenzhen:CHNCXR_0342_1,tbx11k:extra/mc+shenzhen/val/CHNCXR_0342_1.png
shenzhen,0,shenzhen:CHNCXR_0347_1,tbx11k:extra/mc+shenzhen/val/CHNCXR_0347_1.png
shenzhen,2,shenzhen:CHNCXR_0351_1,tbx11k:extra/mc+shenzhen/val/CHNCXR_0351_1.png
shenzhen,0,shenzhen:CHNCXR_0352_1,tbx11k:extra/mc+shenzhen/val/CHNCXR_0352_1.png
shenzhen,0,shenzhen:CHNCXR_0355_1,tbx11k:extra/mc+shenzhen/val/CHNCXR_0355_1.png
shenzhen,0,shenzhen:CHNCXR_0356_1,tbx11k:extra/mc+shenzhen/val/CHNCXR_0356_1.png
shenzhen,1,shenzhen:CHNCXR_0363_1,tbx11k:extra/mc+shenzhen/val/CHNCXR_0363_1.png
shenzhen,1,shenzhen:CHNCXR_0367_1,tbx11k:extra/mc+shenzhen/val/CHNCXR_0367_1.png
shenzhen,0,shenzhen:CHNCXR_0370_1,tbx11k:extra/mc+shenzhen/val/CHNCXR_0370_1.png
shenzhen,2,shenzhen:CHNCXR_0376_1,tbx11k:extra/mc+shenzhen/val/CHNCXR_0376_1.png
shenzhen,1,shenzhen:CHNCXR_0380_1,tbx11k:extra/mc+shenzhen/val/CHNCXR_0380_1.png
shenzhen,1,shenzhen:CHNCXR_0381_1,tbx11k:extra/mc+shenzhen/val/CHNCXR_0381_1.png
shenzhen,0,shenzhen:CHNCXR_0383_1,tbx11k:extra/mc+shenzhen/val/CHNCXR_0383_1.png
shenzhen,0,shenzhen:CHNCXR_0385_1,tbx11k:extra/mc+shenzhen/val/CHNCXR_0385_1.png
shenzhen,0,shenzhen:CHNCXR_0390_1,tbx11k:extra/mc+shenzhen/val/CHNCXR_0390_1.png
shenzhen,0,shenzhen:CHNCXR_0391_1,tbx11k:extra/mc+shenzhen/val/CHNCXR_0391_1.png
shenzhen,1,shenzhen:CHNCXR_0392_1,tbx11k:extra/mc+shenzhen/val/CHNCXR_0392_1.png
shenzhen,1,shenzhen:CHNCXR_0396_1,tbx11k:extra/mc+shenzhen/val/CHNCXR_0396_1.png
shenzhen,4,shenzhen:CHNCXR_0404_1,tbx11k:extra/mc+shenzhen/val/CHNCXR_0404_1.png
shenzhen,0,shenzhen:CHNCXR_0406_1,tbx11k:extra/mc+shenzhen/val/CHNCXR_0406_1.png
shenzhen,0,shenzhen:CHNCXR_0407_1,tbx11k:extra/mc+shenzhen/val/CHNCXR_0407_1.png
shenzhen,0,shenzhen:CHNCXR_0411_1,tbx11k:extra/mc+shenzhen/val/CHNCXR_0411_1.png
shenzhen,0,shenzhen:CHNCXR_0412_1,tbx11k:extra/mc+shenzhen/val/CHNCXR_0412_1.png
shenzhen,0,shenzhen:CHNCXR_0414_1,tbx11k:extra/mc+shenzhen/val/CHNCXR_0414_1.png
shenzhen,0,shenzhen:CHNCXR_0421_1,tbx11k:extra/mc+shenzhen/val/CHNCXR_0421_1.png
shenzhen,1,shenzhen:CHNCXR_0422_1,tbx11k:extra/mc+shenzhen/val/CHNCXR_0422_1.png
shenzhen,0,shenzhen:CHNCXR_0425_1,tbx11k:extra/mc+shenzhen/val/CHNCXR_0425_1.png
shenzhen,0,shenzhen:CHNCXR_0433_1,tbx11k:extra/mc+shenzhen/val/CHNCXR_0433_1.png
shenzhen,0,shenzhen:CHNCXR_0441_1,tbx11k:extra/mc+shenzhen/val/CHNCXR_0441_1.png
shenzhen,1,shenzhen:CHNCXR_0449_1,tbx11k:extra/mc+shenzhen/val/CHNCXR_0449_1.png
shenzhen,0,shenzhen:CHNCXR_0461_1,tbx11k:extra/mc+shenzhen/val/CHNCXR_0461_1.png
shenzhen,0,shenzhen:CHNCXR_0466_1,tbx11k:extra/mc+shenzhen/val/CHNCXR_0466_1.png
shenzhen,0,shenzhen:CHNCXR_0467_1,tbx11k:extra/mc+shenzhen/val/CHNCXR_0467_1.png
shenzhen,0,shenzhen:CHNCXR_0470_1,tbx11k:extra/mc+shenzhen/val/CHNCXR_0470_1.png
shenzhen,2,shenzhen:CHNCXR_0476_1,tbx11k:extra/mc+shenzhen/val/CHNCXR_0476_1.png
shenzhen,0,shenzhen:CHNCXR_0482_1,tbx11k:extra/mc+shenzhen/val/CHNCXR_0482_1.png
shenzhen,0,shenzhen:CHNCXR_0492_1,tbx11k:extra/mc+shenzhen/val/CHNCXR_0492_1.png
shenzhen,0,shenzhen:CHNCXR_0495_1,tbx11k:extra/mc+shenzhen/val/CHNCXR_0495_1.png
shenzhen,0,shenzhen:CHNCXR_0504_1,tbx11k:extra/mc+shenzhen/val/CHNCXR_0504_1.png
shenzhen,1,shenzhen:CHNCXR_0506_1,tbx11k:extra/mc+shenzhen/val/CHNCXR_0506_1.png
shenzhen,1,shenzhen:CHNCXR_0508_1,tbx11k:extra/mc+shenzhen/val/CHNCXR_0508_1.png
shenzhen,4,shenzhen:CHNCXR_0513_1,tbx11k:extra/mc+shenzhen/val/CHNCXR_0513_1.png
shenzhen,0,shenzhen:CHNCXR_0514_1,tbx11k:extra/mc+shenzhen/val/CHNCXR_0514_1.png
shenzhen,0,shenzhen:CHNCXR_0517_1,tbx11k:extra/mc+shenzhen/val/CHNCXR_0517_1.png
shenzhen,0,shenzhen:CHNCXR_0519_1,tbx11k:extra/mc+shenzhen/val/CHNCXR_0519_1.png
shenzhen,0,shenzhen:CHNCXR_0520_1,tbx11k:extra/mc+shenzhen/val/CHNCXR_0520_1.png
shenzhen,0,shenzhen:CHNCXR_0527_1,tbx11k:extra/mc+shenzhen/val/CHNCXR_0527_1.png
shenzhen,0,shenzhen:CHNCXR_0529_1,tbx11k:extra/mc+shenzhen/val/CHNCXR_0529_1.png
shenzhen,2,shenzhen:CHNCXR_0535_1,tbx11k:extra/mc+shenzhen/val/CHNCXR_0535_1.png
shenzhen,0,shenzhen:CHNCXR_0538_1,tbx11k:extra/mc+shenzhen/val/CHNCXR_0538_1.png
shenzhen,0,shenzhen:CHNCXR_0541_1,tbx11k:extra/mc+shenzhen/val/CHNCXR_0541_1.png
shenzhen,1,shenzhen:CHNCXR_0543_1,tbx11k:extra/mc+shenzhen/val/CHNCXR_0543_1.png
shenzhen,1,shenzhen:CHNCXR_0551_1,tbx11k:extra/mc+shenzhen/val/CHNCXR_0551_1.png
shenzhen,3,shenzhen:CHNCXR_0558_1,tbx11k:extra/mc+shenzhen/val/CHNCXR_0558_1.png
shenzhen,0,shenzhen:CHNCXR_0560_1,tbx11k:extra/mc+shenzhen/val/CHNCXR_0560_1.png
shenzhen,1,shenzhen:CHNCXR_0566_1,tbx11k:extra/mc+shenzhen/val/CHNCXR_0566_1.png
shenzhen,0,shenzhen:CHNCXR_0567_1,tbx11k:extra/mc+shenzhen/val/CHNCXR_0567_1.png
shenzhen,1,shenzhen:CHNCXR_0571_1,tbx11k:extra/mc+shenzhen/val/CHNCXR_0571_1.png
shenzhen,0,shenzhen:CHNCXR_0583_1,tbx11k:extra/mc+shenzhen/val/CHNCXR_0583_1.png
shenzhen,0,shenzhen:CHNCXR_0590_1,tbx11k:extra/mc+shenzhen/val/CHNCXR_0590_1.png
shenzhen,0,shenzhen:CHNCXR_0591_1,tbx11k:extra/mc+shenzhen/val/CHNCXR_0591_1.png
shenzhen,0,shenzhen:CHNCXR_0592_1,tbx11k:extra/mc+shenzhen/val/CHNCXR_0592_1.png
shenzhen,1,shenzhen:CHNCXR_0613_1,tbx11k:extra/mc+shenzhen/val/CHNCXR_0613_1.png
shenzhen,0,shenzhen:CHNCXR_0616_1,tbx11k:extra/mc+shenzhen/val/CHNCXR_0616_1.png
shenzhen,0,shenzhen:CHNCXR_0617_1,tbx11k:extra/mc+shenzhen/val/CHNCXR_0617_1.png
shenzhen,1,shenzhen:CHNCXR_0620_1,tbx11k:extra/mc+shenzhen/val/CHNCXR_0620_1.png
shenzhen,2,shenzhen:CHNCXR_0621_1,tbx11k:extra/mc+shenzhen/val/CHNCXR_0621_1.png
shenzhen,3,shenzhen:CHNCXR_0628_1,tbx11k:extra/mc+shenzhen/val/CHNCXR_0628_1.png
shenzhen,0,shenzhen:CHNCXR_0641_1,tbx11k:extra/mc+shenzhen/val/CHNCXR_0641_1.png
shenzhen,1,shenzhen:CHNCXR_0643_1,tbx11k:extra/mc+shenzhen/val/CHNCXR_0643_1.png
shenzhen,1,shenzhen:CHNCXR_0644_1,tbx11k:extra/mc+shenzhen/val/CHNCXR_0644_1.png
shenzhen,1,shenzhen:CHNCXR_0647_1,tbx11k:extra/mc+shenzhen/val/CHNCXR_0647_1.png
shenzhen,0,shenzhen:CHNCXR_0655_1,tbx11k:extra/mc+shenzhen/val/CHNCXR_0655_1.png
shenzhen,1,shenzhen:CHNCXR_0658_1,tbx11k:extra/mc+shenzhen/val/CHNCXR_0658_1.png
shenzhen,1,shenzhen:CHNCXR_0659_1,tbx11k:extra/mc+shenzhen/val/CHNCXR_0659_1.png
shenzhen,0,shenzhen:CHNCXR_0157_0,tbx11k:test/unknown_1.png
shenzhen,0,shenzhen:CHNCXR_0369_1,tbx11k:test/unknown_1027.png
shenzhen,0,shenzhen:CHNCXR_0533_1,tbx11k:test/unknown_1050.png
shenzhen,0,shenzhen:CHNCXR_0165_0,tbx11k:test/unknown_1053.png
shenzhen,0,shenzhen:CHNCXR_0487_1,tbx11k:test/unknown_1060.png
shenzhen,0,shenzhen:CHNCXR_0273_0,tbx11k:test/unknown_1076.png
shenzhen,1,shenzhen:CHNCXR_0460_1,tbx11k:test/unknown_1098.png
shenzhen,0,shenzhen:CHNCXR_0180_0,tbx11k:test/unknown_1099.png
shenzhen,1,shenzhen:CHNCXR_0088_0,tbx11k:test/unknown_11.png
shenzhen,1,shenzhen:CHNCXR_0627_1,tbx11k:test/unknown_1112.png
shenzhen,1,shenzhen:CHNCXR_0537_1,tbx11k:test/unknown_1122.png
shenzhen,2,shenzhen:CHNCXR_0656_1,tbx11k:test/unknown_1128.png
shenzhen,0,shenzhen:CHNCXR_0147_0,tbx11k:test/unknown_1137.png
shenzhen,0,shenzhen:CHNCXR_0146_0,tbx11k:test/unknown_1163.png
shenzhen,0,shenzhen:CHNCXR_0195_0,tbx11k:test/unknown_1174.png
shenzhen,0,shenzhen:CHNCXR_0410_1,tbx11k:test/unknown_1176.png
shenzhen,0,shenzhen:CHNCXR_0006_0,tbx11k:test/unknown_1194.png
shenzhen,0,shenzhen:CHNCXR_0630_1,tbx11k:test/unknown_1202.png
shenzhen,1,shenzhen:CHNCXR_0573_1,tbx11k:test/unknown_122.png
shenzhen,1,shenzhen:CHNCXR_0248_0,tbx11k:test/unknown_1235.png
shenzhen,0,shenzhen:CHNCXR_0507_1,tbx11k:test/unknown_1243.png
shenzhen,1,shenzhen:CHNCXR_0486_1,tbx11k:test/unknown_1245.png
shenzhen,1,shenzhen:CHNCXR_0610_1,tbx11k:test/unknown_1246.png
shenzhen,1,shenzhen:CHNCXR_0622_1,tbx11k:test/unknown_1250.png
shenzhen,0,shenzhen:CHNCXR_0501_1,tbx11k:test/unknown_1260.png
shenzhen,0,shenzhen:CHNCXR_0334_1,tbx11k:test/unknown_1292.png
shenzhen,0,shenzhen:CHNCXR_0304_0,tbx11k:test/unknown_1294.png
shenzhen,1,shenzhen:CHNCXR_0340_1,tbx11k:test/unknown_1325.png
shenzhen,0,shenzhen:CHNCXR_0236_0,tbx11k:test/unknown_1332.png
shenzhen,1,shenzhen:CHNCXR_0240_0,tbx11k:test/unknown_1333.png
shenzhen,0,shenzhen:CHNCXR_0048_0,tbx11k:test/unknown_1336.png
shenzhen,0,shenzhen:CHNCXR_0494_1,tbx11k:test/unknown_1340.png
shenzhen,0,shenzhen:CHNCXR_0131_0,tbx11k:test/unknown_1359.png
shenzhen,0,shenzhen:CHNCXR_0608_1,tbx11k:test/unknown_1382.png
shenzhen,1,shenzhen:CHNCXR_0204_0,tbx11k:test/unknown_1384.png
shenzhen,0,shenzhen:CHNCXR_0452_1,tbx11k:test/unknown_1385.png
shenzhen,1,shenzhen:CHNCXR_0490_1,tbx11k:test/unknown_1386.png
shenzhen,0,shenzhen:CHNCXR_0582_1,tbx11k:test/unknown_1393.png
shenzhen,1,shenzhen:CHNCXR_0232_0,tbx11k:test/unknown_1394.png
shenzhen,0,shenzhen:CHNCXR_0472_1,tbx11k:test/unknown_1407.png
shenzhen,0,shenzhen:CHNCXR_0282_0,tbx11k:test/unknown_1410.png
shenzhen,1,shenzhen:CHNCXR_0503_1,tbx11k:test/unknown_142.png
shenzhen,1,shenzhen:CHNCXR_0653_1,tbx11k:test/unknown_1431.png
shenzhen,1,shenzhen:CHNCXR_0129_0,tbx11k:test/unknown_1432.png
shenzhen,1,shenzhen:CHNCXR_0241_0,tbx11k:test/unknown_1460.png
shenzhen,2,shenzhen:CHNCXR_0435_1,tbx11k:test/unknown_1464.png
shenzhen,1,shenzhen:CHNCXR_0585_1,tbx11k:test/unknown_1467.png
shenzhen,2,shenzhen:CHNCXR_0511_1,tbx11k:test/unknown_1476.png
shenzhen,0,shenzhen:CHNCXR_0344_1,tbx11k:test/unknown_1498.png
shenzhen,0,shenzhen:CHNCXR_0417_1,tbx11k:test/unknown_1511.png
shenzhen,0,shenzhen:CHNCXR_0448_1,tbx11k:test/unknown_1513.png
shenzhen,0,shenzhen:CHNCXR_0499_1,tbx11k:test/unknown_1521.png
shenzhen,0,shenzhen:CHNCXR_0021_0,tbx11k:test/unknown_153.png
shenzhen,1,shenzhen:CHNCXR_0297_0,tbx11k:test/unknown_1531.png
shenzhen,1,shenzhen:CHNCXR_0581_1,tbx11k:test/unknown_1536.png
shenzhen,2,shenzhen:CHNCXR_0056_0,tbx11k:test/unknown_1553.png
shenzhen,1,shenzhen:CHNCXR_0544_1,tbx11k:test/unknown_1565.png
shenzhen,3,shenzhen:CHNCXR_0530_1,tbx11k:test/unknown_1570.png
shenzhen,0,shenzhen:CHNCXR_0657_1,tbx11k:test/unknown_1572.png
shenzhen,0,shenzhen:CHNCXR_0322_0,tbx11k:test/unknown_1581.png
shenzhen,0,shenzhen:CHNCXR_0521_1,tbx11k:test/unknown_1591.png
shenzhen,0,shenzhen:CHNCXR_0076_0,tbx11k:test/unknown_1593.png
shenzhen,0,shenzhen:CHNCXR_0155_0,tbx11k:test/unknown_1598.png
shenzhen,0,shenzhen:CHNCXR_0522_1,tbx11k:test/unknown_1606.png
shenzhen,0,shenzhen:CHNCXR_0402_1,tbx11k:test/unknown_1609.png
shenzhen,0,shenzhen:CHNCXR_0192_0,tbx11k:test/unknown_161.png
shenzhen,0,shenzhen:CHNCXR_0568_1,tbx11k:test/unknown_1631.png
shenzhen,1,shenzhen:CHNCXR_0198_0,tbx11k:test/unknown_1633.png
shenzhen,0,shenzhen:CHNCXR_0505_1,tbx11k:test/unknown_1641.png
shenzhen,0,shenzhen:CHNCXR_0549_1,tbx11k:test/unknown_1645.png
shenzhen,2,shenzhen:CHNCXR_0576_1,tbx11k:test/unknown_1646.png
shenzhen,0,shenzhen:CHNCXR_0379_1,tbx11k:test/unknown_1659.png
shenzhen,1,shenzhen:CHNCXR_0030_0,tbx11k:test/unknown_1681.png
shenzhen,1,shenzhen:CHNCXR_0228_0,tbx11k:test/unknown_1700.png
shenzhen,0,shenzhen:CHNCXR_0328_1,tbx11k:test/unknown_1702.png
shenzhen,1,shenzhen:CHNCXR_0602_1,tbx11k:test/unknown_1704.png
shenzhen,0,shenzhen:CHNCXR_0640_1,tbx11k:test/unknown_1718.png
shenzhen,0,shenzhen:CHNCXR_0652_1,tbx11k:test/unknown_1725.png
shenzhen,0,shenzhen:CHNCXR_0496_1,tbx11k:test/unknown_1738.png
shenzhen,3,shenzhen:CHNCXR_0440_1,tbx11k:test/unknown_1740.png
shenzhen,1,shenzhen:CHNCXR_0058_0,tbx11k:test/unknown_1742.png
shenzhen,1,shenzhen:CHNCXR_0185_0,tbx11k:test/unknown_1755.png
shenzhen,1,shenzhen:CHNCXR_0202_0,tbx11k:test/unknown_1763.png
shenzhen,0,shenzhen:CHNCXR_0484_1,tbx11k:test/unknown_1776.png
shenzhen,0,shenzhen:CHNCXR_0353_1,tbx11k:test/unknown_1777.png
shenzhen,1,shenzhen:CHNCXR_0223_0,tbx11k:test/unknown_1786.png
shenzhen,1,shenzhen:CHNCXR_0005_0,tbx11k:test/unknown_1791.png
shenzhen,0,shenzhen:CHNCXR_0330_1,tbx11k:test/unknown_1804.png
shenzhen,1,shenzhen:CHNCXR_0660_1,tbx11k:test/unknown_1806.png
shenzhen,0,shenzhen:CHNCXR_0029_0,tbx11k:test/unknown_1807.png
shenzhen,1,shenzhen:CHNCXR_0003_0,tbx11k:test/unknown_1826.png
shenzhen,0,shenzhen:CHNCXR_0451_1,tbx11k:test/unknown_1834.png
shenzhen,1,shenzhen:CHNCXR_0398_1,tbx11k:test/unknown_1841.png
shenzhen,1,shenzhen:CHNCXR_0122_0,tbx11k:test/unknown_1847.png
shenzhen,1,shenzhen:CHNCXR_0037_0,tbx11k:test/unknown_1851.png
shenzhen,0,shenzhen:CHNCXR_0462_1,tbx11k:test/unknown_1855.png
shenzhen,2,shenzhen:CHNCXR_0049_0,tbx11k:test/unknown_1863.png
shenzhen,0,shenzhen:CHNCXR_0420_1,tbx11k:test/unknown_1869.png
shenzhen,2,shenzhen:CHNCXR_0140_0,tbx11k:test/unknown_1908.png
shenzhen,2,shenzhen:CHNCXR_0534_1,tbx11k:test/unknown_1913.png
shenzhen,0,shenzhen:CHNCXR_0277_0,tbx11k:test/unknown_1922.png
shenzhen,0,shenzhen:CHNCXR_0631_1,tbx11k:test/unknown_1927.png
shenzhen,1,shenzhen:CHNCXR_0066_0,tbx11k:test/unknown_1944.png
shenzhen,2,shenzhen:CHNCXR_0524_1,tbx11k:test/unknown_1953.png
shenzhen,2,shenzhen:CHNCXR_0401_1,tbx11k:test/unknown_1980.png
shenzhen,0,shenzhen:CHNCXR_0092_0,tbx11k:test/unknown_1992.png
shenzhen,1,shenzhen:CHNCXR_0251_0,tbx11k:test/unknown_1995.png
shenzhen,1,shenzhen:CHNCXR_0279_0,tbx11k:test/unknown_1997.png
shenzhen,0,shenzhen:CHNCXR_0295_0,tbx11k:test/unknown_20.png
shenzhen,2,shenzhen:CHNCXR_0662_1,tbx11k:test/unknown_2015.png
shenzhen,0,shenzhen:CHNCXR_0094_0,tbx11k:test/unknown_2028.png
shenzhen,0,shenzhen:CHNCXR_0350_1,tbx11k:test/unknown_2037.png
shenzhen,1,shenzhen:CHNCXR_0203_0,tbx11k:test/unknown_2045.png
shenzhen,1,shenzhen:CHNCXR_0648_1,tbx11k:test/unknown_2061.png
shenzhen,2,shenzhen:CHNCXR_0405_1,tbx11k:test/unknown_2062.png
shenzhen,1,shenzhen:CHNCXR_0239_0,tbx11k:test/unknown_2086.png
shenzhen,0,shenzhen:CHNCXR_0362_1,tbx11k:test/unknown_2095.png
shenzhen,0,shenzhen:CHNCXR_0570_1,tbx11k:test/unknown_2096.png
shenzhen,0,shenzhen:CHNCXR_0086_0,tbx11k:test/unknown_2106.png
shenzhen,0,shenzhen:CHNCXR_0220_0,tbx11k:test/unknown_2118.png
shenzhen,0,shenzhen:CHNCXR_0287_0,tbx11k:test/unknown_2121.png
shenzhen,1,shenzhen:CHNCXR_0386_1,tbx11k:test/unknown_2123.png
shenzhen,1,shenzhen:CHNCXR_0187_0,tbx11k:test/unknown_2154.png
shenzhen,2,shenzhen:CHNCXR_0172_0,tbx11k:test/unknown_2172.png
shenzhen,0,shenzhen:CHNCXR_0309_0,tbx11k:test/unknown_2203.png
shenzhen,1,shenzhen:CHNCXR_0661_1,tbx11k:test/unknown_222.png
shenzhen,1,shenzhen:CHNCXR_0190_0,tbx11k:test/unknown_2265.png
shenzhen,0,shenzhen:CHNCXR_0042_0,tbx11k:test/unknown_2279.png
shenzhen,0,shenzhen:CHNCXR_0600_1,tbx11k:test/unknown_2302.png
shenzhen,0,shenzhen:CHNCXR_0348_1,tbx11k:test/unknown_2304.png
shenzhen,4,shenzhen:CHNCXR_0149_0,tbx11k:test/unknown_2306.png
shenzhen,0,shenzhen:CHNCXR_0633_1,tbx11k:test/unknown_2307.png
shenzhen,0,shenzhen:CHNCXR_0338_1,tbx11k:test/unknown_2308.png
shenzhen,1,shenzhen:CHNCXR_0222_0,tbx11k:test/unknown_2324.png
shenzhen,3,shenzhen:CHNCXR_0603_1,tbx11k:test/unknown_233.png
shenzhen,1,shenzhen:CHNCXR_0526_1,tbx11k:test/unknown_2334.png
shenzhen,0,shenzhen:CHNCXR_0214_0,tbx11k:test/unknown_2340.png
shenzhen,1,shenzhen:CHNCXR_0458_1,tbx11k:test/unknown_235.png
shenzhen,3,shenzhen:CHNCXR_0413_1,tbx11k:test/unknown_2352.png
shenzhen,1,shenzhen:CHNCXR_0134_0,tbx11k:test/unknown_2380.png
shenzhen,0,shenzhen:CHNCXR_0554_1,tbx11k:test/unknown_2381.png
shenzhen,0,shenzhen:CHNCXR_0160_0,tbx11k:test/unknown_2386.png
shenzhen,0,shenzhen:CHNCXR_0382_1,tbx11k:test/unknown_2388.png
shenzhen,1,shenzhen:CHNCXR_0650_1,tbx11k:test/unknown_2402.png
shenzhen,1,shenzhen:CHNCXR_0176_0,tbx11k:test/unknown_241.png
shenzhen,1,shenzhen:CHNCXR_0400_1,tbx11k:test/unknown_2426.png
shenzhen,1,shenzhen:CHNCXR_0242_0,tbx11k:test/unknown_2430.png
shenzhen,1,shenzhen:CHNCXR_0559_1,tbx11k:test/unknown_2432.png
shenzhen,2,shenzhen:CHNCXR_0389_1,tbx11k:test/unknown_2433.png
shenzhen,3,shenzhen:CHNCXR_0455_1,tbx11k:test/unknown_2463.png
shenzhen,0,shenzhen:CHNCXR_0561_1,tbx11k:test/unknown_2465.png
shenzhen,0,shenzhen:CHNCXR_0312_0,tbx11k:test/unknown_250.png
shenzhen,1,shenzhen:CHNCXR_0478_1,tbx11k:test/unknown_2506.png
shenzhen,0,shenzhen:CHNCXR_0247_0,tbx11k:test/unknown_2509.png
shenzhen,0,shenzhen:CHNCXR_0014_0,tbx11k:test/unknown_2512.png
shenzhen,1,shenzhen:CHNCXR_0306_0,tbx11k:test/unknown_2518.png
shenzhen,1,shenzhen:CHNCXR_0415_1,tbx11k:test/unknown_2522.png
shenzhen,1,shenzhen:CHNCXR_0227_0,tbx11k:test/unknown_2533.png
shenzhen,0,shenzhen:CHNCXR_0368_1,tbx11k:test/unknown_254.png
shenzhen,3,shenzhen:CHNCXR_0196_0,tbx11k:test/unknown_2555.png
shenzhen,0,shenzhen:CHNCXR_0284_0,tbx11k:test/unknown_2557.png
shenzhen,1,shenzhen:CHNCXR_0260_0,tbx11k:test/unknown_2559.png
shenzhen,0,shenzhen:CHNCXR_0337_1,tbx11k:test/unknown_2564.png
shenzhen,0,shenzhen:CHNCXR_0394_1,tbx11k:test/unknown_2566.png
shenzhen,2,shenzhen:CHNCXR_0067_0,tbx11k:test/unknown_2584.png
shenzhen,2,shenzhen:CHNCXR_0039_0,tbx11k:test/unknown_259.png
shenzhen,1,shenzhen:CHNCXR_0509_1,tbx11k:test/unknown_2595.png
shenzhen,0,shenzhen:CHNCXR_0169_0,tbx11k:test/unknown_2597.png
shenzhen,1,shenzhen:CHNCXR_0114_0,tbx11k:test/unknown_261.png
shenzhen,0,shenzhen:CHNCXR_0072_0,tbx11k:test/unknown_2619.png
shenzhen,1,shenzhen:CHNCXR_0531_1,tbx11k:test/unknown_2622.png
shenzhen,0,shenzhen:CHNCXR_0377_1,tbx11k:test/unknown_2624.png
shenzhen,2,shenzhen:CHNCXR_0360_1,tbx11k:test/unknown_2632.png
shenzhen,0,shenzhen:CHNCXR_0116_0,tbx11k:test/unknown_2647.png
shenzhen,1,shenzhen:CHNCXR_0148_0,tbx11k:test/unknown_2648.png
shenzhen,0,shenzhen:CHNCXR_0512_1,tbx11k:test/unknown_2652.png
shenzhen,0,shenzhen:CHNCXR_0105_0,tbx11k:test/unknown_2654.png
shenzhen,0,shenzhen:CHNCXR_0595_1,tbx11k:test/unknown_266.png
shenzhen,2,shenzhen:CHNCXR_0457_1,tbx11k:test/unknown_267.png
shenzhen,0,shenzhen:CHNCXR_0044_0,tbx11k:test/unknown_2683.png
shenzhen,0,shenzhen:CHNCXR_0556_1,tbx11k:test/unknown_2687.png
shenzhen,0,shenzhen:CHNCXR_0601_1,tbx11k:test/unknown_2697.png
shenzhen,2,shenzhen:CHNCXR_0278_0,tbx11k:test/unknown_2706.png
shenzhen,3,shenzhen:CHNCXR_0100_0,tbx11k:test/unknown_2715.png
shenzhen,0,shenzhen:CHNCXR_0480_1,tbx11k:test/unknown_2738.png
shenzhen,0,shenzhen:CHNCXR_0292_0,tbx11k:test/unknown_2749.png
shenzhen,1,shenzhen:CHNCXR_0112_0,tbx11k:test/unknown_2750.png
shenzhen,0,shenzhen:CHNCXR_0299_0,tbx11k:test/unknown_2764.png
shenzhen,1,shenzhen:CHNCXR_0553_1,tbx11k:test/unknown_2771.png
shenzhen,0,shenzhen:CHNCXR_0015_0,tbx11k:test/unknown_2775.png
shenzhen,1,shenzhen:CHNCXR_0318_0,tbx11k:test/unknown_2789.png
shenzhen,1,shenzhen:CHNCXR_0266_0,tbx11k:test/unknown_280.png
shenzhen,0,shenzhen:CHNCXR_0151_0,tbx11k:test/unknown_2803.png
shenzhen,0,shenzhen:CHNCXR_0111_0,tbx11k:test/unknown_2837.png
shenzhen,1,shenzhen:CHNCXR_0133_0,tbx11k:test/unknown_2840.png
shenzhen,0,shenzhen:CHNCXR_0218_0,tbx11k:test/unknown_2845.png
shenzhen,1,shenzhen:CHNCXR_0574_1,tbx11k:test/unknown_2853.png
shenzhen,2,shenzhen:CHNCXR_0216_0,tbx11k:test/unknown_2864.png
shenzhen,4,shenzhen:CHNCXR_0387_1,tbx11k:test/unknown_2871.png
shenzhen,0,shenzhen:CHNCXR_0569_1,tbx11k:test/unknown_2886.png
shenzhen,2,shenzhen:CHNCXR_0283_0,tbx11k:test/unknown_2889.png
shenzhen,1,shenzhen:CHNCXR_0264_0,tbx11k:test/unknown_2894.png
shenzhen,1,shenzhen:CHNCXR_0393_1,tbx11k:test/unknown_2904.png
shenzhen,0,shenzhen:CHNCXR_0365_1,tbx11k:test/unknown_2907.png
shenzhen,2,shenzhen:CHNCXR_0539_1,tbx11k:test/unknown_2924.png
shenzhen,0,shenzhen:CHNCXR_0611_1,tbx11k:test/unknown_2925.png
shenzhen,2,shenzhen:CHNCXR_0161_0,tbx11k:test/unknown_2926.png
shenzhen,1,shenzhen:CHNCXR_0259_0,tbx11k:test/unknown_2940.png
shenzhen,2,shenzhen:CHNCXR_0104_0,tbx11k:test/unknown_296.png
shenzhen,0,shenzhen:CHNCXR_0468_1,tbx11k:test/unknown_2964.png
shenzhen,1,shenzhen:CHNCXR_0124_0,tbx11k:test/unknown_2973.png
shenzhen,2,shenzhen:CHNCXR_0489_1,tbx11k:test/unknown_2979.png
shenzhen,1,shenzhen:CHNCXR_0178_0,tbx11k:test/unknown_298.png
shenzhen,1,shenzhen:CHNCXR_0320_0,tbx11k:test/unknown_2988.png
shenzhen,2,shenzhen:CHNCXR_0651_1,tbx11k:test/unknown_2989.png
shenzhen,1,shenzhen:CHNCXR_0077_0,tbx11k:test/unknown_2993.png
shenzhen,1,shenzhen:CHNCXR_0298_0,tbx11k:test/unknown_3.png
shenzhen,0,shenzhen:CHNCXR_0152_0,tbx11k:test/unknown_3012.png
shenzhen,0,shenzhen:CHNCXR_0364_1,tbx11k:test/unknown_3023.png
shenzhen,1,shenzhen:CHNCXR_0429_1,tbx11k:test/unknown_303.png
shenzhen,1,shenzhen:CHNCXR_0307_0,tbx11k:test/unknown_3033.png
shenzhen,2,shenzhen:CHNCXR_0639_1,tbx11k:test/unknown_3034.png
shenzhen,1,shenzhen:CHNCXR_0069_0,tbx11k:test/unknown_3037.png
shenzhen,1,shenzhen:CHNCXR_0625_1,tbx11k:test/unknown_3041.png
shenzhen,1,shenzhen:CHNCXR_0210_0,tbx11k:test/unknown_3046.png
shenzhen,0,shenzhen:CHNCXR_0201_0,tbx11k:test/unknown_3048.png
shenzhen,0,shenzhen:CHNCXR_0612_1,tbx11k:test/unknown_3057.png
shenzhen,1,shenzhen:CHNCXR_0366_1,tbx11k:test/unknown_3068.png
shenzhen,0,shenzhen:CHNCXR_0235_0,tbx11k:test/unknown_3069.png
shenzhen,0,shenzhen:CHNCXR_0285_0,tbx11k:test/unknown_308.png
shenzhen,0,shenzhen:CHNCXR_0540_1,tbx11k:test/unknown_3080.png
shenzhen,0,shenzhen:CHNCXR_0436_1,tbx11k:test/unknown_3081.png
shenzhen,1,shenzhen:CHNCXR_0563_1,tbx11k:test/unknown_3100.png
shenzhen,0,shenzhen:CHNCXR_0408_1,tbx11k:test/unknown_3101.png
shenzhen,0,shenzhen:CHNCXR_0079_0,tbx11k:test/unknown_3103.png
shenzhen,0,shenzhen:CHNCXR_0395_1,tbx11k:test/unknown_3109.png
shenzhen,0,shenzhen:CHNCXR_0634_1,tbx11k:test/unknown_3115.png
shenzhen,2,shenzhen:CHNCXR_0491_1,tbx11k:test/unknown_3119.png
shenzhen,1,shenzhen:CHNCXR_0231_0,tbx11k:test/unknown_312.png
shenzhen,1,shenzhen:CHNCXR_0253_0,tbx11k:test/unknown_3125.png
shenzhen,0,shenzhen:CHNCXR_0578_1,tbx11k:test/unknown_313.png
shenzhen,1,shenzhen:CHNCXR_0325_0,tbx11k:test/unknown_3132.png
shenzhen,1,shenzhen:CHNCXR_0300_0,tbx11k:test/unknown_3141.png
shenzhen,1,shenzhen:CHNCXR_0588_1,tbx11k:test/unknown_3144.png
shenzhen,0,shenzhen:CHNCXR_0528_1,tbx11k:test/unknown_3145.png
shenzhen,2,shenzhen:CHNCXR_0310_0,tbx11k:test/unknown_3155.png
shenzhen,1,shenzhen:CHNCXR_0234_0,tbx11k:test/unknown_3178.png
shenzhen,3,shenzhen:CHNCXR_0477_1,tbx11k:test/unknown_3199.png
shenzhen,1,shenzhen:CHNCXR_0498_1,tbx11k:test/unknown_32.png
shenzhen,0,shenzhen:CHNCXR_0123_0,tbx11k:test/unknown_320.png
shenzhen,1,shenzhen:CHNCXR_0373_1,tbx11k:test/unknown_3202.png
shenzhen,3,shenzhen:CHNCXR_0212_0,tbx11k:test/unknown_3205.png
shenzhen,3,shenzhen:CHNCXR_0649_1,tbx11k:test/unknown_3214.png
shenzhen,4,shenzhen:CHNCXR_0465_1,tbx11k:test/unknown_3225.png
shenzhen,3,shenzhen:CHNCXR_0418_1,tbx11k:test/unknown_323.png
shenzhen,0,shenzhen:CHNCXR_0572_1,tbx11k:test/unknown_3237.png
shenzhen,2,shenzhen:CHNCXR_0082_0,tbx11k:test/unknown_3248.png
shenzhen,1,shenzhen:CHNCXR_0063_0,tbx11k:test/unknown_3259.png
shenzhen,0,shenzhen:CHNCXR_0296_0,tbx11k:test/unknown_3282.png
shenzhen,1,shenzhen:CHNCXR_0587_1,tbx11k:test/unknown_3284.png
shenzhen,1,shenzhen:CHNCXR_0017_0,tbx11k:test/unknown_329.png
shenzhen,0,shenzhen:CHNCXR_0136_0,tbx11k:test/unknown_3296.png
shenzhen,0,shenzhen:CHNCXR_0427_1,tbx11k:test/unknown_331.png
shenzhen,4,shenzhen:CHNCXR_0047_0,tbx11k:test/unknown_334.png
shenzhen,2,shenzhen:CHNCXR_0439_1,tbx11k:test/unknown_340.png
shenzhen,0,shenzhen:CHNCXR_0525_1,tbx11k:test/unknown_344.png
shenzhen,2,shenzhen:CHNCXR_0001_0,tbx11k:test/unknown_355.png
shenzhen,0,shenzhen:CHNCXR_0215_0,tbx11k:test/unknown_362.png
shenzhen,0,shenzhen:CHNCXR_0302_0,tbx11k:test/unknown_368.png
shenzhen,1,shenzhen:CHNCXR_0599_1,tbx11k:test/unknown_37.png
shenzhen,1,shenzhen:CHNCXR_0008_0,tbx11k:test/unknown_371.png
shenzhen,2,shenzhen:CHNCXR_0609_1,tbx11k:test/unknown_372.png
shenzhen,1,shenzhen:CHNCXR_0028_0,tbx11k:test/unknown_376.png
shenzhen,0,shenzhen:CHNCXR_0170_0,tbx11k:test/unknown_397.png
shenzhen,1,shenzhen:CHNCXR_0141_0,tbx11k:test/unknown_40.png
shenzhen,0,shenzhen:CHNCXR_0453_1,tbx11k:test/unknown_411.png
shenzhen,0,shenzhen:CHNCXR_0446_1,tbx11k:test/unknown_417.png
shenzhen,0,shenzhen:CHNCXR_0167_0,tbx11k:test/unknown_421.png
shenzhen,0,shenzhen:CHNCXR_0447_1,tbx11k:test/unknown_431.png
shenzhen,1,shenzhen:CHNCXR_0577_1,tbx11k:test/unknown_44.png
shenzhen,0,shenzhen:CHNCXR_0548_1,tbx11k:test/unknown_450.png
shenzhen,1,shenzhen:CHNCXR_0384_1,tbx11k:test/unknown_454.png
shenzhen,0,shenzhen:CHNCXR_0335_1,tbx11k:test/unknown_463.png
shenzhen,0,shenzhen:CHNCXR_0245_0,tbx11k:test/unknown_474.png
shenzhen,0,shenzhen:CHNCXR_0145_0,tbx11k:test/unknown_489.png
shenzhen,1,shenzhen:CHNCXR_0434_1,tbx11k:test/unknown_505.png
shenzhen,0,shenzhen:CHNCXR_0497_1,tbx11k:test/unknown_518.png
shenzhen,1,shenzhen:CHNCXR_0171_0,tbx11k:test/unknown_521.png
shenzhen,0,shenzhen:CHNCXR_0168_0,tbx11k:test/unknown_53.png
shenzhen,1,shenzhen:CHNCXR_0629_1,tbx11k:test/unknown_54.png
shenzhen,0,shenzhen:CHNCXR_0153_0,tbx11k:test/unknown_562.png
shenzhen,2,shenzhen:CHNCXR_0154_0,tbx11k:test/unknown_566.png
shenzhen,2,shenzhen:CHNCXR_0623_1,tbx11k:test/unknown_569.png
shenzhen,1,shenzhen:CHNCXR_0483_1,tbx11k:test/unknown_577.png
shenzhen,3,shenzhen:CHNCXR_0596_1,tbx11k:test/unknown_587.png
shenzhen,2,shenzhen:CHNCXR_0070_0,tbx11k:test/unknown_6.png
shenzhen,0,shenzhen:CHNCXR_0102_0,tbx11k:test/unknown_606.png
shenzhen,1,shenzhen:CHNCXR_0130_0,tbx11k:test/unknown_611.png
shenzhen,0,shenzhen:CHNCXR_0194_0,tbx11k:test/unknown_651.png
shenzhen,1,shenzhen:CHNCXR_0594_1,tbx11k:test/unknown_679.png
shenzhen,1,shenzhen:CHNCXR_0586_1,tbx11k:test/unknown_683.png
shenzhen,0,shenzhen:CHNCXR_0354_1,tbx11k:test/unknown_70.png
shenzhen,0,shenzhen:CHNCXR_0286_0,tbx11k:test/unknown_701.png
shenzhen,1,shenzhen:CHNCXR_0012_0,tbx11k:test/unknown_703.png
shenzhen,0,shenzhen:CHNCXR_0174_0,tbx11k:test/unknown_708.png
shenzhen,0,shenzhen:CHNCXR_0290_0,tbx11k:test/unknown_714.png
shenzhen,0,shenzhen:CHNCXR_0311_0,tbx11k:test/unknown_721.png
shenzhen,0,shenzhen:CHNCXR_0557_1,tbx11k:test/unknown_753.png
shenzhen,0,shenzhen:CHNCXR_0584_1,tbx11k:test/unknown_756.png
shenzhen,0,shenzhen:CHNCXR_0502_1,tbx11k:test/unknown_765.png
shenzhen,0,shenzhen:CHNCXR_0493_1,tbx11k:test/unknown_785.png
shenzhen,0,shenzhen:CHNCXR_0120_0,tbx11k:test/unknown_80.png
shenzhen,0,shenzhen:CHNCXR_0098_0,tbx11k:test/unknown_811.png
shenzhen,1,shenzhen:CHNCXR_0317_0,tbx11k:test/unknown_816.png
shenzhen,0,shenzhen:CHNCXR_0054_0,tbx11k:test/unknown_829.png
shenzhen,0,shenzhen:CHNCXR_0542_1,tbx11k:test/unknown_840.png
shenzhen,0,shenzhen:CHNCXR_0022_0,tbx11k:test/unknown_845.png
shenzhen,0,shenzhen:CHNCXR_0189_0,tbx11k:test/unknown_846.png
shenzhen,1,shenzhen:CHNCXR_0163_0,tbx11k:test/unknown_854.png
shenzhen,0,shenzhen:CHNCXR_0186_0,tbx11k:test/unknown_866.png
shenzhen,0,shenzhen:CHNCXR_0459_1,tbx11k:test/unknown_870.png
shenzhen,1,shenzhen:CHNCXR_0050_0,tbx11k:test/unknown_923.png
shenzhen,0,shenzhen:CHNCXR_0550_1,tbx11k:test/unknown_926.png
shenzhen,0,shenzhen:CHNCXR_0424_1,tbx11k:test/unknown_928.png
shenzhen,0,shenzhen:CHNCXR_0345_1,tbx11k:test/unknown_933.png
shenzhen,0,shenzhen:CHNCXR_0208_0,tbx11k:test/unknown_934.png
shenzhen,0,shenzhen:CHNCXR_0255_0,tbx11k:test/unknown_95.png
shenzhen,2,shenzhen:CHNCXR_0156_0,tbx11k:test/unknown_957.png
shenzhen,0,shenzhen:CHNCXR_0624_1,tbx11k:test/unknown_971.png
shenzhen,2,shenzhen:CHNCXR_0565_1,tbx11k:test/unknown_972.png
shenzhen,0,shenzhen:CHNCXR_0091_0,tbx11k:test/unknown_979.png
shenzhen,1,shenzhen:CHNCXR_0115_0,tbx11k:test/unknown_982.png
shenzhen,1,shenzhen:CHNCXR_0090_0,tbx11k:test/unknown_984.png
shenzhen,0,shenzhen:CHNCXR_0416_1,tbx11k:test/unknown_989.png
shenzhen,0,shenzhen:CHNCXR_0103_0,tbx11k:test/unknown_99.png
